teryt6,name,population,area_km2,lat,lng
120101,Bochnia,29718,29.889,49.968718,20.426587
120102,Bochnia,20024,130.829,49.985916,20.390087
120103,Drwinia,6534,108.536,50.084449,20.449068
120104,Lipnica Murowana,5659,60.327,49.841175,20.511759
120105,Łapanów,8197,71.706,49.863882,20.29434
120106,Nowy Wiśnicz,14177,82.162,49.90948,20.464382
120107,Rzezawa,11348,86.364,49.998501,20.518473
120108,Trzciana,5641,44.095,49.841124,20.376958
120109,Żegocina,5560,34.882,49.814002,20.429149
120601,Czernichów,14712,84.216,50.017338,19.654562
120602,Igołomia-Wawrzeńczyce,7698,62.789,50.100123,20.252279
120603,Iwanowice,9164,71.095,50.219784,19.968276
120604,Jerzmanowice-Przeginia,10964,68.146,50.217756,19.711111
120605,Kocmyrzów-Luborzyca,15776,82.927,50.145061,20.106554
120606,Krzeszowice,32129,139.025,50.13467,19.625229
120607,Liszki,17447,72.058,50.038226,19.763364
120608,Michałowice,10762,51.119,50.15352,19.985347
120609,Mogilany,14233,43.714,49.951997,19.892919
120610,Skała,10579,74.827,50.229167,19.854551
120611,Skawina,43586,99.811,49.9736,19.802035
120612,Słomniki,13638,110.823,50.241901,20.08219
120613,Sułoszowa,5835,53.373,50.259048,19.752134
120614,Świątniki Górne,10195,20.347,49.943198,19.963495
120615,Wielka Wieś,12721,48.269,50.144051,19.845562
120616,Zabierzów,26708,99.422,50.116136,19.787865
120617,Zielonki,23092,48.585,50.126517,19.949359
120801,Charsznica,7441,78.472,50.400964,19.938542
120802,Gołcza,6047,90.019,50.332326,19.912719
120803,Kozłów,4582,85.761,50.47273,20.011464
120804,Książ Wielki,5073,137.833,50.438182,20.145647
120805,Miechów,19645,148.345,50.355626,20.030749
120806,Racławice,2508,59.1,50.326814,20.233528
120807,Słaboszów,3522,76.782,50.382824,20.236847
120901,Dobczyce,15321,66.388,49.882264,20.093472
120902,Lubień,10076,75.09,49.681062,19.950449
120903,Myślenice,44444,153.422,49.836496,19.93798
120904,Pcim,11131,88.964,49.768322,19.941533
120905,Raciechowice,6413,61.149,49.841207,20.154619
120906,Siepraw,9001,31.843,49.900258,19.983386
120907,Sułkowice,14982,60.377,49.843408,19.805225
120908,Tokarnia,8820,68.62,49.733194,19.873821
120909,Wiśniowa,7412,67.095,49.783563,20.107366
121401,Koniusza,9007,88.515,50.156922,20.230118
121402,Koszyce,5454,66.055,50.168918,20.571072
121403,Nowe Brzesko,5712,54.412,50.137367,20.390899
121404,Pałecznica,3568,47.866,50.2772,20.308006
121405,Proszowice,16139,100.035,50.194126,20.298198
121406,Radziemice,3342,57.985,50.255006,20.217932
121901,Biskupice,10450,41.133,49.966898,20.139024
121902,Gdów,18296,108.718,49.917608,20.214251
121903,Kłaj,10768,64.783,49.989721,20.2834
121904,Niepołomice,29141,96.293,50.027358,20.209078
121905,Wieliczka,60481,99.674,49.986578,20.061649
126101,Kraków,779115,326.845,50.065494,19.974161
120501,Gorlice,27357,23.538,49.659498,21.159117
120502,Biecz,16808,98.229,49.728364,21.241575
120503,Bobowa,9798,49.798,49.708116,20.948368
120504,Gorlice,17278,102.867,49.647423,21.142383
120505,Lipinki,6792,66.466,49.674111,21.290902
120506,Łużna,8535,56.299,49.698894,21.044718
120507,Moszczenica,4983,37.617,49.732415,21.085765
120508,Ropa,5507,49.099,49.590744,21.045781
120509,Sękowa,4980,194.829,49.61687,21.207347
120510,Uście Gorlickie,6848,287.584,49.49398,21.127919
120701,Limanowa,15162,18.7,49.708398,20.417913
120702,Mszana Dolna,7889,27.099,49.678514,20.071041
120703,Dobra,9983,109.799,49.709866,20.230054
120704,Jodłownik,8690,72.193,49.783494,20.232822
120705,Kamienica,7850,95.241,49.585312,20.334891
120706,Laskowa,8206,72.487,49.760856,20.491301
120707,Limanowa,25607,152.239,49.706586,20.450014
120708,Łukowica,10062,69.636,49.611045,20.494632
120709,Mszana Dolna,17623,170.064,49.666693,20.099983
120710,Niedźwiedź,7337,74.237,49.616252,20.092326
120711,Słopnice,6764,56.828,49.689358,20.347899
120712,Tymbark,6591,32.705,49.731432,20.318379
121001,Grybów,6026,16.964,49.622192,20.950784
121002,Chełmiec,28834,111.928,49.641868,20.663902
121003,Gródek nad Dunajcem,9252,88.187,49.750356,20.730743
121004,Grybów,25579,153.158,49.628092,20.940273
121005,Kamionka Wielka,10432,65.015,49.584251,20.803701
121006,Korzenna,14497,106.925,49.679946,20.82681
121007,Krynica-Zdrój,16680,145.305,49.412001,20.960421
121008,Łabowa,6089,119.132,49.513745,20.864147
121009,Łącko,16522,132.965,49.552204,20.456147
121010,Łososina Dolna,11144,84.75,49.727352,20.632471
121011,Muszyna,11566,141.467,49.357672,20.898421
121012,Nawojowa,8730,50.203,49.552935,20.741998
121013,Piwniczna-Zdrój,10588,126.469,49.443224,20.715425
121014,Podegrodzie,13279,64.737,49.588453,20.586816
121015,Rytro,3777,41.923,49.48706,20.672667
121016,Stary Sącz,23801,100.886,49.551845,20.625102
126201,Nowy Sącz,83794,57.57,49.61831,20.706765
120301,Alwernia,12529,73.838,50.063792,19.539667
120302,Babice,9097,54.249,50.070111,19.426853
120303,Chrzanów,46787,79.446,50.139245,19.408717
120304,Libiąż,22342,56.918,50.101511,19.325543
120305,Trzebinia,33781,105.331,50.170963,19.4682
121201,Bukowno,10106,64.508,50.265985,19.459685
121203,Bolesław,7745,40.762,50.302537,19.463603
121204,Klucze,14973,119.486,50.345481,19.56612
121205,Olkusz,48601,150.894,50.269201,19.571303
121206,Trzyciąż,7039,95.742,50.306014,19.774279
121207,Wolbrom,22753,146.775,50.382026,19.763354
121301,Oświęcim,38005,30.137,50.035208,19.227608
121302,Brzeszcze,21214,45.646,49.970303,19.138542
121303,Chełmek,12990,27.296,50.097486,19.258897
121304,Kęty,34157,76.442,49.881395,19.218386
121305,Osiek,8224,40.924,49.947465,19.276026
121306,Oświęcim,18505,74.817,50.017998,19.235175
121307,Polanka Wielka,4313,23.888,49.9828,19.311718
121308,Przeciszów,6761,35.44,50.000122,19.367273
121309,Zator,9317,51.648,49.995217,19.434398
121801,Andrychów,43477,100.357,49.854621,19.349827
121802,Brzeźnica,10426,66.452,49.962767,19.620031
121803,Kalwaria Zebrzydowska,20012,75.283,49.877693,19.679078
121804,Lanckorona,6245,40.441,49.849776,19.73615
121805,Mucharz,4122,37.283,49.817835,19.533482
121806,Spytkowice,10365,51.421,49.986477,19.521223
121807,Stryszów,6865,45.912,49.819452,19.619482
121808,Tomice,8174,41.545,49.916715,19.483262
121809,Wadowice,37888,112.824,49.878973,19.495216
121810,Wieprz,12432,74.441,49.882135,19.361659
120201,Borzęcin,8337,102.782,50.048699,20.704817
120202,Brzesko,36291,102.654,49.973927,20.606705
120203,Czchów,9828,66.426,49.849015,20.675719
120204,Dębno,14746,81.596,49.95627,20.715319
120205,Gnojnik,8029,55.006,49.901098,20.611128
120206,Iwkowa,6483,47.198,49.809494,20.582799
120207,Szczurowa,9487,134.924,50.120632,20.625273
120401,Bolesław,2607,35.69,50.270905,20.882958
120402,Dąbrowa Tarnowska,21256,116.435,50.173732,20.989082
120403,Gręboszów,3333,48.51,50.247478,20.792485
120404,Mędrzechów,3433,44.397,50.278326,20.962158
120405,Olesno,7966,77.614,50.20801,20.924262
120406,Radgoszcz,7424,88.137,50.19281,21.107628
120407,Szczucin,13155,119.474,50.307061,21.082881
121601,Ciężkowice,11209,103.384,49.780933,20.953851
121602,Gromnik,8922,69.757,49.839525,20.955449
121603,Lisia Góra,15402,104.737,50.081586,21.040374
121604,Pleśna,11944,83.068,49.931117,20.936134
121605,Radłów,9666,86.178,50.100802,20.842301
121606,Ryglice,11652,117.094,49.902906,21.155088
121607,Rzepiennik Strzyżewski,6738,70.697,49.793597,21.093761
121608,Skrzyszów,14303,86.028,49.989132,21.088259
121609,Tarnów,26202,82.709,49.979507,20.943522
121610,Tuchów,17916,99.854,49.89262,21.051045
121611,Wierzchosławice,10857,75.054,50.017216,20.866302
121612,Wietrzychowice,3938,48.414,50.180925,20.752961
121613,Wojnicz,13443,79.293,49.955155,20.826165
121614,Zakliczyn,12488,122.062,49.850306,20.798519
121615,Żabno,18874,101.56,50.122878,20.892642
121616,Szerzyny,7943,82.014,49.811722,21.221526
126301,Tarnów,108470,72.369,50.017254,20.993141
121101,Nowy Targ,33293,51.059,49.47454,20.02999
121102,Szczawnica,7204,87.907,49.422239,20.490521
121103,Czarny Dunajec,22626,217.35,49.432608,19.851457
121104,Czorsztyn,7663,62.078,49.451801,20.294851
121105,Jabłonka,18664,212.707,49.513086,19.678661
121106,Krościenko nad Dunajcem,6802,57.17,49.44302,20.403108
121107,Lipnica Wielka,6015,67.386,49.499073,19.604443
121108,Łapsze Niżne,9379,125.808,49.414145,20.242898
121109,Nowy Targ,24070,207.748,49.473398,20.066265
121110,Ochotnica Dolna,8513,141.179,49.511652,20.350679
121111,Raba Wyżna,14750,89.007,49.574602,19.892888
121112,Rabka-Zdrój,17091,69.169,49.605648,19.962405
121113,Spytkowice,4609,32.211,49.577362,19.822175
121114,Szaflary,11103,54.29,49.422313,20.007082
121501,Jordanów,5366,21.03,49.651491,19.835671
121502,Sucha Beskidzka,9088,27.659,49.738467,19.589466
121503,Budzów,8945,73.559,49.778353,19.707663
121504,Bystra-Sidzina,6920,80.52,49.627549,19.753828
121505,Jordanów,11180,92.48,49.677662,19.829205
121506,Maków Podhalański,16077,108.658,49.723158,19.678757
121507,Stryszawa,11940,113.781,49.727993,19.499591
121508,Zawoja,9086,128.75,49.662517,19.581895
121509,Zembrzyce,5630,39.184,49.775901,19.591879
121701,Zakopane,27010,84.269,49.295778,19.958107
121702,Biały Dunajec,7179,35.207,49.369222,20.00769
121703,Bukowina Tatrzańska,13387,131.901,49.36697,20.107359
121704,Kościelisko,8846,136.658,49.307696,19.876763
121705,Poronin,11650,83.604,49.331597,19.993376
240201,Szczyrk,5751,39.058,49.714329,19.017928
240202,Bestwina,11909,37.707,49.912141,19.057358
240203,Buczkowice,11227,19.414,49.726714,19.081516
240204,Czechowice-Dziedzice,45489,66.483,49.915678,19.001646
240205,Jasienica,24419,91.658,49.829488,18.928012
240206,Jaworze,7395,21.234,49.793991,18.949437
240207,Kozy,13024,26.674,49.845718,19.14297
240208,Porąbka,15630,64.526,49.84444,19.228713
240209,Wilamowice,17695,56.784,49.904661,19.143056
240210,Wilkowice,13421,34.488,49.759123,19.084542
240301,Cieszyn,34424,28.584,49.750265,18.637153
240302,Ustroń,16067,59.028,49.72473,18.808041
240303,Wisła,11096,110.159,49.644066,18.872461
240304,Brenna,11285,95.627,49.75099,18.882163
240305,Chybie,9825,31.749,49.89177,18.812919
240306,Dębowiec,5833,42.658,49.797703,18.72723
240307,Goleszów,13142,65.879,49.733223,18.736508
240308,Hażlach,10915,48.781,49.807793,18.612053
240309,Istebna,12159,84.34,49.55351,18.905763
240310,Skoczów,26910,63.538,49.799232,18.788051
240311,Strumień,13272,58.517,49.90548,18.749546
240312,Zebrzydowice,13263,41.415,49.863428,18.610067
241701,Żywiec,31091,50.487,49.684123,19.206469
241702,Czernichów,6740,56.282,49.772381,19.19844
241703,Gilowice,6251,28.098,49.709524,19.303059
241704,Jeleśnia,13275,170.89,49.627073,19.329248
241705,Koszarawa,2367,31.408,49.65237,19.408657
241706,Lipowa,10846,58.718,49.6771,19.117012
241707,Łękawica,4552,42.725,49.728246,19.264935
241708,Łodygowice,14567,35.897,49.718886,19.149708
241709,Milówka,10067,98.45,49.559937,19.076726
241710,Radziechowy-Wieprz,13079,64.881,49.641432,19.161227
241711,Rajcza,8810,131.728,49.497121,19.080746
241712,Ślemień,3531,44.958,49.721661,19.374678
241713,Świnna,8070,39.156,49.664705,19.265399
241714,Ujsoły,4430,109.901,49.481272,19.140817
241715,Węgierska Górka,15080,76.502,49.60202,19.124601
246101,Bielsko-Biała,170663,124.431,49.81325,19.0384
240701,Lubliniec,23757,89.36,50.669388,18.682988
240702,Boronów,3436,57.469,50.672731,18.90752
240703,Ciasna,7454,134.017,50.768782,18.61442
240704,Herby,6797,85.886,50.735172,18.845644
240705,Kochanowice,6938,79.944,50.705263,18.71354
240706,Koszęcin,11815,128.876,50.631386,18.842554
240707,Pawonków,6635,119.031,50.692415,18.568991
240708,Woźniki,9619,127.576,50.598878,19.031588
241301,Kalety,8589,76.384,50.56171,18.887852
241302,Miasteczko Śląskie,7442,67.94,50.490282,18.916057
241303,Radzionków,16873,13.219,50.397339,18.9005
241304,Tarnowskie Góry,61686,83.799,50.445584,18.844039
241305,Krupski Młyn,3185,39.151,50.571646,18.639016
241306,Ożarowice,5795,45.561,50.467482,19.055033
241307,Świerklaniec,12401,44.697,50.439709,18.918221
241308,Tworóg,8287,125.262,50.524131,18.729591
241309,Zbrosławice,16261,148.22,50.390335,18.760832
246201,Bytom,165263,69.482,50.353534,18.899602
247101,Piekary Śląskie,55030,39.875,50.382997,18.957584
240401,Blachownia,12930,66.605,50.782204,18.968925
240402,Dąbrowa Zielona,3860,100.178,50.849405,19.570673
240403,Janów,5984,146.446,50.721199,19.438877
240404,Kamienica Polska,5567,46.457,50.68198,19.143197
240405,Kłomnice,13471,147.682,50.909541,19.357791
240406,Koniecpol,9408,146.622,50.780807,19.692407
240407,Konopiska,10736,78.6,50.724984,19.006412
240408,Kruszyna,4806,93.302,50.971222,19.316611
240409,Lelów,4824,123.741,50.69558,19.627282
240410,Mstów,10834,119.521,50.826976,19.287421
240411,Mykanów,15104,141.549,50.911305,19.153703
240412,Olsztyn,7810,109.09,50.746729,19.274768
240413,Poczesna,12707,59.936,50.730856,19.139856
240414,Przyrów,3752,80.728,50.789746,19.520334
240415,Rędziny,9933,41.229,50.868551,19.22493
240416,Starcza,2829,20.118,50.66918,19.062581
240601,Kłobuck,20327,130.025,50.905992,18.94412
240602,Krzepice,9111,78.957,50.970761,18.717391
240603,Lipie,6224,99.047,51.022593,18.79111
240604,Miedźno,7548,112.773,50.974443,19.011896
240605,Opatów,6818,73.473,50.940049,18.833647
240606,Panki,5039,54.938,50.886109,18.751761
240607,Popów,5874,102.282,51.033352,18.927342
240608,Przystajń,5876,88.787,50.881691,18.685874
240609,Wręczyca Wielka,17774,148.296,50.84237,18.902328
240901,Myszków,31585,73.591,50.574746,19.33676
240902,Koziegłowy,14320,159.632,50.587886,19.178354
240903,Niegowa,5608,87.969,50.650004,19.507201
240904,Poraj,10914,57.062,50.66684,19.227492
240905,Żarki,8453,101.044,50.62929,19.361775
246401,Częstochowa,220433,159.734,50.808369,19.127203
240501,Knurów,38112,33.864,50.224632,18.658687
240502,Pyskowice,18429,31.211,50.402516,18.625715
240503,Gierałtowice,12183,38.3,50.230472,18.744187
240504,Pilchowice,12013,69.94,50.220662,18.582679
240505,Rudziniec,10643,158.825,50.368439,18.478936
240506,Sośnicowice,8909,116.57,50.270471,18.528955
240507,Toszek,9383,99.878,50.452345,18.522285
240508,Wielowieś,5856,116.137,50.507635,18.575507
246601,Gliwice,178603,133.868,50.295823,18.673098
247801,Zabrze,172360,80.423,50.311,18.785466
246301,Chorzów,107807,33.312,50.292026,18.947881
246901,Katowice,292774,164.74,50.249909,19.012536
247001,Mysłowice,74618,65.662,50.234367,19.13277
247201,Ruda Śląska,137360,77.636,50.277849,18.869865
247401,Siemianowice Śląskie,66841,25.508,50.306749,19.012948
247601,Świętochłowice,49557,13.308,50.298239,18.915223
241101,Racibórz,54739,75.011,50.088008,18.211954
241102,Kornowac,5159,26.217,50.076787,18.311715
241103,Krzanowice,5742,47.175,50.022584,18.138327
241104,Krzyżanowice,11274,69.394,49.979403,18.263771
241105,Kuźnia Raciborska,11768,126.625,50.1996,18.326091
241106,Nędza,7453,57.189,50.155554,18.305849
241107,Pietrowice Wielkie,6883,67.893,50.089804,18.096008
241108,Rudnik,5193,73.911,50.15112,18.190009
241201,Czerwionka-Leszczyny,42121,114.618,50.144302,18.652993
241202,Gaszowice,9798,19.62,50.099521,18.428898
241203,Jejkowice,4154,7.633,50.107529,18.472782
241204,Lyski,9654,57.643,50.123753,18.380435
241205,Świerklany,12486,24.207,50.030139,18.579825
241501,Pszów,13844,20.446,50.041588,18.398668
241502,Radlin,17759,12.539,50.048772,18.476584
241503,Rydułtowy,21514,14.936,50.068991,18.42263
241504,Wodzisław Śląski,47813,49.434,50.008714,18.462226
241505,Godów,13813,38.033,49.933178,18.490532
241506,Gorzyce,21338,64.827,49.973444,18.393023
241507,Lubomia,7912,41.947,50.030127,18.31631
241508,Marklowice,5405,13.694,50.021032,18.515789
241509,Mszana,7690,31.191,49.979056,18.525386
246701,Jastrzębie-Zdrój,88743,85.333,49.950313,18.600147
247301,Rybnik,138098,148.255,50.084695,18.547552
247901,Żory,62472,64.649,50.034024,18.687571
240101,Będzin,56354,37.392,50.323123,19.124106
240102,Czeladź,31405,16.354,50.313696,19.081362
240103,Wojkowice,8942,12.787,50.364353,19.025129
240104,Bobrowniki,12132,51.532,50.386298,19.01089
240105,Mierzęcice,7635,49.479,50.443388,19.138643
240106,Psary,12221,46.139,50.377727,19.124915
240107,Siewierz,12417,113.93,50.471641,19.22914
240108,Sławków,6983,36.669,50.29856,19.381354
241601,Poręba,8480,39.99,50.48525,19.33455
241602,Zawiercie,49204,85.277,50.490581,19.434143
241603,Irządze,2601,71.018,50.634289,19.679181
241604,Kroczyce,6306,110.02,50.56543,19.587456
241605,Łazy,15893,132.942,50.424642,19.389258
241606,Ogrodzieniec,9061,84.75,50.451934,19.525834
241607,Pilica,8570,142.781,50.469667,19.671929
241608,Szczekociny,7658,135.293,50.626009,19.819111
241609,Włodowice,5254,76.787,50.547298,19.450918
241610,Żarnowiec,4597,124.806,50.484833,19.844098
246501,Dąbrowa Górnicza,119373,188.722,50.32927,19.209493
246801,Jaworzno,91115,152.412,50.213645,19.255513
247501,Sosnowiec,199974,91.184,50.283255,19.152082
240801,Łaziska Górne,22202,20.107,50.147018,18.853143
240802,Mikołów,41014,79.228,50.17014,18.898488
240803,Orzesze,21189,83.697,50.136226,18.774605
240804,Ornontowice,6176,15.198,50.17737,18.76679
240805,Wyry,8409,34.624,50.120137,18.888091
241001,Goczałkowice-Zdrój,6755,47.56,49.94483,18.962099
241002,Kobiór,4905,48.163,50.066624,18.942289
241003,Miedźna,16590,50.276,50.010271,19.105153
241004,Pawłowice,18172,75.695,49.962125,18.698855
241005,Pszczyna,52770,174.685,49.977612,18.939593
241006,Suszec,12347,75.05,50.024632,18.801752
241401,Bieruń,19507,40.547,50.084988,19.133773
241402,Imielin,9189,28.009,50.145401,19.184957
241403,Lędziny,16798,31.559,50.137069,19.12956
241404,Bojszowy,7924,34.649,50.055581,19.086807
241405,Chełm Śląski,6358,23.366,50.109907,19.193318
247701,Tychy,127590,81.816,50.114276,18.984003
080101,Kostrzyn nad Odrą,17730,46.145,52.590375,14.653237
080102,Bogdaniec,7104,111.723,52.694881,15.09028
080103,Deszczno,9942,168.316,52.674569,15.292024
080104,Kłodawa,8677,234.74,52.789349,15.252981
080105,Lubiszyn,6878,205.276,52.781225,15.020002
080106,Santok,8636,169.41,52.739449,15.377751
080107,Witnica,12869,278.666,52.675301,14.892907
080301,Bledzew,4344,247.495,52.502067,15.399395
080302,Międzyrzecz,24815,315.356,52.441624,15.577057
080303,Przytoczna,5627,184.821,52.576224,15.674224
080304,Pszczew,4269,177.627,52.483568,15.777495
080305,Skwierzyna,12103,284.826,52.595702,15.501217
080306,Trzciel,6407,177.519,52.353796,15.832145
080501,Cybinka,6469,279.618,52.188444,14.791524
080502,Górzyca,4299,145.433,52.496804,14.680734
080503,Ośno Lubuskie,6376,197.641,52.453941,14.884491
080504,Rzepin,9714,190.994,52.350715,14.823155
080505,Słubice,20071,185.571,52.348441,14.559958
080601,Dobiegniew,6536,351.265,52.973119,15.761807
080602,Drezdenko,17100,399.873,52.837401,15.829575
080603,Stare Kurowo,4062,77.561,52.85414,15.676666
080604,Strzelce Krajeńskie,16993,318.952,52.883517,15.529483
080605,Zwierzyn,4318,100.131,52.816554,15.55431
080701,Krzeszyce,4729,194.171,52.586032,15.02674
080702,Lubniewice,3158,129.634,52.502611,15.238059
080703,Słońsk,4733,158.654,52.56546,14.811509
080704,Sulęcin,15745,320.079,52.442871,15.120019
080705,Torzym,6828,375.303,52.310296,15.037428
086101,Gorzów Wielkopolski,123609,85.723,52.743968,15.236305
080201,Gubin,16614,20.689,51.957024,14.727587
080202,Bobrowice,3178,185.263,51.965445,15.060266
080203,Bytnica,2507,208.73,52.140126,15.149386
080204,Dąbie,4923,170.474,52.000665,15.194594
080205,Gubin,7138,379.584,51.94987,14.781436
080206,Krosno Odrzańskie,17670,211.505,52.05572,15.101116
080207,Maszewo,2799,213.931,52.088235,14.9196
080401,Nowa Sól,38645,21.816,51.803603,15.707059
080402,Bytom Odrzański,5426,52.37,51.730482,15.819299
080403,Kolsko,3311,80.726,51.946114,15.933359
080404,Kożuchów,15881,179.178,51.746126,15.594786
080405,Nowa Sól,6943,175.954,51.806944,15.755594
080406,Nowe Miasteczko,5358,76.881,51.688713,15.729663
080407,Otyń,7012,91.683,51.85006,15.704239
080408,Siedlisko,3580,92.17,51.767595,15.832402
080801,Lubrza,3567,122.218,52.306802,15.425884
080802,Łagów,4947,199.123,52.313642,15.296947
080803,Skąpe,5103,181.421,52.161896,15.434498
080804,Szczaniec,3836,113.324,52.257759,15.67962
080805,Świebodzin,29984,226.458,52.247792,15.529355
080806,Zbąszynek,8353,94.074,52.248868,15.812611
080901,Babimost,6226,92.779,52.165686,15.82758
080902,Bojadła,3277,102.271,51.967447,15.798363
080903,Czerwieńsk,9979,195.485,52.012105,15.400691
080904,Kargowa,5821,128.522,52.071216,15.858187
080905,Nowogród Bobrzański,9441,259.656,51.800259,15.242636
080906,Sulechów,26521,236.694,52.078498,15.615132
080907,Świdnica,6602,160.892,51.902418,15.384333
080908,Trzebiechów,3371,80.963,52.016507,15.731061
080909,Zabór,4321,93.37,51.94529,15.690406
081001,Gozdnica,3000,23.932,51.436304,15.093254
081002,Żagań,25668,40.379,51.615861,15.314484
081003,Brzeźnica,3733,122.192,51.706874,15.418894
081004,Iłowa,6842,153.059,51.505157,15.195553
081005,Małomice,5174,79.595,51.555373,15.448816
081006,Niegosławice,4357,136.358,51.605745,15.726168
081007,Szprotawa,20610,232.328,51.561942,15.543812
081008,Wymiarki,2263,63.087,51.512813,15.086247
081009,Żagań,7306,280.643,51.622978,15.390559
081101,Łęknica,2459,16.432,51.539607,14.738551
081102,Żary,37304,33.242,51.636355,15.131012
081103,Brody,3404,240.156,51.762367,14.704723
081104,Jasień,6991,126.867,51.75397,15.015363
081105,Lipinki Łużyckie,3375,88.632,51.639238,14.994429
081106,Lubsko,18404,182.968,51.785752,14.967509
081107,Przewóz,3132,178.261,51.486229,14.9573
081108,Trzebiel,5668,166.49,51.612191,14.815361
081109,Tuplice,3042,65.855,51.677423,14.839233
081110,Żary,12332,293.914,51.650907,15.147191
081201,Sława,12682,327.091,51.882567,16.074111
081202,Szlichtyngowa,5015,99.756,51.7263,16.243201
081203,Wschowa,21134,197.465,51.808062,16.312237
086201,Zielona Góra,141222,278.318,51.936196,15.50119
300601,Jaraczewo,8142,133.113,51.954974,17.334428
300602,Jarocin,45731,200.121,51.966004,17.504431
300603,Kotlin,7442,83.927,51.922486,17.647139
300604,Żerków,10248,171.327,52.070493,17.576386
300701,Blizanów,9940,157.514,51.857939,18.030757
300702,Brzeziny,5817,126.965,51.597194,18.2568
300703,Ceków-Kolonia,4746,88.292,51.856912,18.265548
300704,Godziesze Wielkie,9591,105.347,51.643705,18.141967
300705,Koźminek,7547,88.48,51.795708,18.33296
300706,Lisków,5213,75.74,51.841043,18.3935
300707,Mycielin,4873,110.893,51.951741,18.223693
300708,Opatówek,10808,104.301,51.739265,18.208409
300709,Stawiszyn,7133,78.195,51.931003,18.123974
300710,Szczytniki,7812,110.701,51.693076,18.336572
300711,Żelazków,9546,113.653,51.822867,18.14816
300801,Baranów,7987,74.412,51.255726,18.014239
300802,Bralin,6100,85.355,51.28214,17.90385
300803,Kępno,24482,123.858,51.28505,17.991024
300804,Łęka Opatowska,5356,77.688,51.214371,18.123256
300805,Perzów,3777,75.343,51.266428,17.809037
300806,Rychtal,3804,96.614,51.145053,17.869064
300807,Trzcinica,4945,75.042,51.179534,18.014198
301201,Sulmierzyce,2851,29.205,51.607612,17.524512
301202,Kobylin,8090,112.115,51.722404,17.225727
301203,Koźmin Wielkopolski,13211,152.406,51.830472,17.448197
301204,Krotoszyn,40341,255.798,51.698826,17.435954
301205,Rozdrażew,5204,79.048,51.784794,17.508456
301206,Zduny,7577,84.981,51.650523,17.368842
301701,Ostrów Wielkopolski,71931,41.916,51.647106,17.815521
301702,Nowe Skalmierzyce,15563,125.398,51.707993,17.991217
301703,Odolanów,14655,136.106,51.577716,17.663041
301704,Ostrów Wielkopolski,19147,207.802,51.651076,17.875392
301705,Przygodzice,12179,163.359,51.58582,17.811524
301706,Raszków,11849,134.577,51.721121,17.726047
301707,Sieroszewice,9684,163.19,51.624252,18.01118
301708,Sośnie,6573,187.738,51.471916,17.62659
301801,Czajków,2490,70.798,51.489865,18.327123
301802,Doruchów,5383,99.515,51.418668,18.077836
301803,Grabów nad Prosną,7817,123.776,51.499064,18.108891
301804,Kobyla Góra,6139,129.278,51.377626,17.833183
301805,Kraszewice,3621,74.916,51.513065,18.231023
301806,Mikstat,6046,87.192,51.535311,17.98923
301807,Ostrzeszów,24004,187.374,51.427367,17.923098
302001,Chocz,4753,73.646,51.976537,17.871602
302002,Czermin,4947,98.084,51.973485,17.7646
302003,Dobrzyca,8128,116.859,51.859349,17.611596
302004,Gizałki,4602,108.415,52.050353,17.772605
302005,Gołuchów,10777,135.89,51.824819,17.951395
302006,Pleszew,29807,180.317,51.890403,17.780855
306101,Kalisz,100246,69.367,51.754616,18.075536
300301,Gniezno,68217,40.595,52.539054,17.603273
300302,Czerniejewo,7405,111.939,52.439596,17.531515
300303,Gniezno,12268,178.149,52.565303,17.601198
300304,Kiszkowo,5443,114.495,52.59313,17.281624
300305,Kłecko,7452,131.922,52.621342,17.435573
300306,Łubowo,6743,113.536,52.506797,17.431831
300307,Mieleszyn,4038,98.927,52.666655,17.526259
300308,Niechanowo,5965,105.574,52.462826,17.658974
300309,Trzemeszno,14294,175.229,52.563342,17.82526
300310,Witkowo,13593,184.593,52.43783,17.766357
300901,Koło,21686,13.861,52.201899,18.63513
300902,Babiak,7831,133.768,52.346368,18.678163
300903,Chodów,3005,77.794,52.248669,19.014516
300904,Dąbie,6284,130.316,52.099503,18.817258
300905,Grzegorzew,5693,73.322,52.208485,18.74406
300906,Kłodawa,12801,128.909,52.250852,18.910957
300907,Koło,7795,102.579,52.21013,18.659336
300908,Kościelec,6855,104.65,52.170257,18.590934
300909,Olszówka,4502,81.703,52.185741,18.871604
300910,Osiek Mały,6155,87.322,52.26499,18.594466
300911,Przedecz,4120,76.448,52.336354,18.901245
301001,Golina,12079,98.989,52.244136,18.102924
301002,Grodziec,5160,117.821,52.048864,18.041006
301003,Kazimierz Biskupi,11487,107.616,52.300728,18.172807
301004,Kleczew,9947,110.292,52.371051,18.17549
301005,Kramsk,11250,132.037,52.25229,18.390122
301006,Krzymów,8112,92.515,52.192632,18.341806
301007,Rychwał,8249,117.852,52.070501,18.159475
301008,Rzgów,7275,104.688,52.177227,18.10416
301009,Skulsk,6122,84.875,52.475767,18.333948
301010,Sompolno,10380,137.425,52.3825,18.506243
301011,Stare Miasto,12436,97.911,52.168438,18.227168
301012,Ślesin,14067,145.642,52.36239,18.31316
301013,Wierzbinek,7287,147.528,52.437542,18.495346
301014,Wilczyn,6202,83.154,52.469326,18.178503
302301,Słupca,13658,10.327,52.292275,17.869165
302302,Lądek,5740,98.569,52.210345,17.896097
302303,Orchowo,3795,98.007,52.508944,18.020689
302304,Ostrowite,5077,103.55,52.377278,18.017381
302305,Powidz,2320,80.685,52.3938,17.873087
302306,Słupca,9263,144.803,52.276952,17.939286
302307,Strzałkowo,10279,142.335,52.312677,17.817676
302308,Zagórów,8945,159.708,52.161944,17.902294
302701,Turek,26833,16.162,52.01359,18.50978
302702,Brudzew,5966,112.653,52.093334,18.59921
302703,Dobra,6134,131.955,51.909826,18.625283
302704,Kawęczyn,5195,101.052,51.910987,18.5204
302705,Malanów,6585,107.228,51.956058,18.392156
302706,Przykona,4589,111.114,51.983321,18.613856
302707,Tuliszków,10537,149.639,52.070442,18.302612
302708,Turek,9970,109.256,52.003373,18.484313
302709,Władysławów,8085,90.71,52.112065,18.455053
303001,Kołaczkowo,6025,115.912,52.236928,17.658426
303002,Miłosław,10202,132.113,52.183534,17.484787
303003,Nekla,7571,95.864,52.36064,17.411324
303004,Pyzdry,6937,137.756,52.167864,17.684904
303005,Września,47259,221.847,52.324589,17.571231
306201,Konin,73522,82.172,52.228688,18.258247
300401,Borek Wielkopolski,7473,127.646,51.913862,17.239177
300402,Gostyń,28192,137.281,51.879415,17.003735
300403,Krobia,12994,129.513,51.769319,16.977399
300404,Pępowo,5948,86.586,51.755947,17.11744
300405,Piaski,8630,100.73,51.877893,17.081385
300406,Pogorzela,4937,96.539,51.815188,17.243335
300407,Poniec,7734,132.023,51.768999,16.825544
300501,Granowo,5068,68.399,52.221235,16.530371
300502,Grodzisk Wielkopolski,20064,134.677,52.232998,16.359154
300503,Kamieniec,6673,132.225,52.159583,16.474812
300504,Rakoniewice,13178,200.97,52.143275,16.255332
300505,Wielichowo,6910,107.635,52.111633,16.370234
301101,Kościan,23876,9.009,52.083518,16.637252
301102,Czempiń,11513,142.202,52.141926,16.759014
301103,Kościan,16144,202.447,52.082232,16.674754
301104,Krzywiń,10043,179.008,51.979994,16.855957
301105,Śmigiel,17607,189.735,52.011044,16.53438
301301,Krzemieniewo,8301,113.172,51.853008,16.802721
301302,Lipno,8382,103.862,51.906005,16.552741
301303,Osieczna,9269,128.645,51.896744,16.691147
301304,Rydzyna,9636,135.63,51.793229,16.661381
301305,Święciechowa,8108,134.974,51.846071,16.489841
301306,Wijewo,3836,61.811,51.920252,16.201375
301307,Włoszakowice,9669,127.735,51.933887,16.381543
301401,Chrzypsko Wielkie,3306,84.522,52.624075,16.220097
301402,Kwilcz,6341,141.775,52.548245,16.096441
301403,Międzychód,18391,307.063,52.59892,15.895397
301404,Sieraków,8713,203.079,52.649587,16.08263
301501,Kuślin,5523,106.465,52.376507,16.321678
301502,Lwówek,9089,183.538,52.445305,16.193896
301503,Miedzichowo,3695,208.296,52.394207,16.108037
301504,Nowy Tomyśl,27045,186.443,52.317041,16.128061
301505,Opalenica,16397,146.847,52.308764,16.413757
301506,Zbąszyń,13794,179.999,52.253452,15.921289
302201,Bojanowo,8739,123.433,51.70546,16.749985
302202,Jutrosin,7053,114.857,51.638877,17.163868
302203,Miejska Górka,9249,103.467,51.659337,16.972922
302204,Pakosław,4918,77.51,51.611099,17.044821
302205,Rawicz,30303,134.161,51.610025,16.86158
302901,Przemęt,14173,225.142,52.000654,16.260224
302902,Siedlec,12734,204.619,52.148571,15.98877
302903,Wolsztyn,30539,249.874,52.107347,16.116767
306301,Leszno,63505,31.853,51.843167,16.584521
300101,Chodzież,18480,12.769,52.992424,16.91487
300102,Budzyń,8526,209.116,52.887379,16.976039
300103,Chodzież,6100,212.961,53.008295,16.932158
300104,Margonin,6447,123.125,52.970834,17.093976
300105,Szamocin,7502,127.104,53.031207,17.130936
300201,Czarnków,10607,10.191,52.90164,16.566804
300202,Czarnków,11419,347.463,52.91447,16.576716
300203,Drawsko,5775,163.034,52.842234,16.042561
300204,Krzyż Wielkopolski,8693,174.273,52.879647,16.015154
300205,Lubasz,7701,167.274,52.852467,16.52507
300206,Połajewo,6173,141.481,52.794358,16.698623
300207,Trzcianka,24318,374.061,53.039316,16.458102
300208,Wieleń,12304,430.02,52.888162,16.195571
301901,Piła,73139,102.667,53.151905,16.738761
301902,Białośliwie,4852,75.604,53.105361,17.127882
301903,Kaczory,7860,150.621,53.163255,16.922195
301904,Łobżenica,9495,190.8,53.259777,17.266668
301905,Miasteczko Krajeńskie,3171,70.912,53.103167,17.011829
301906,Szydłowo,9196,267.418,53.193279,16.639961
301907,Ujście,7957,125.954,53.049009,16.724473
301908,Wyrzysk,13926,159.037,53.14127,17.277833
301909,Wysoka,6516,122.969,53.182522,17.080884
302801,Wągrowiec,25686,17.813,52.810004,17.208825
302802,Damasławek,5326,104.533,52.840771,17.481716
302803,Gołańcz,8293,191.808,52.947095,17.304165
302804,Mieścisko,5937,135.078,52.739466,17.32696
302805,Skoki,9713,198.518,52.672624,17.162188
302806,Wapno,2962,44.067,52.911376,17.470104
302807,Wągrowiec,12316,347.845,52.827766,17.198831
303101,Złotów,18532,11.571,53.363249,17.044156
303102,Jastrowie,11500,353.082,53.422389,16.811308
303103,Krajenka,7534,191.59,53.290924,16.990576
303104,Lipka,5509,191.148,53.508003,17.232808
303105,Okonek,8502,325.986,53.540359,16.844217
303106,Tarnówka,3009,132.468,53.342503,16.876273
303107,Zakrzewo,4905,162.368,53.419631,17.144924
303108,Złotów,9942,292.285,53.378712,17.034037
301601,Oborniki,34179,340.035,52.647792,16.808172
301602,Rogoźno,18353,216.244,52.752084,16.991866
301603,Ryczywół,7293,154.739,52.803459,16.826446
302101,Luboń,31941,13.515,52.344469,16.875681
302102,Puszczykowo,9657,16.391,52.279588,16.857031
302103,Buk,12610,90.595,52.355599,16.522259
302104,Czerwonak,27617,82.484,52.457995,16.991096
302105,Dopiewo,28138,108.011,52.379341,16.742544
302106,Kleszczewo,8868,74.459,52.3425,17.082715
302107,Komorniki,30620,66.405,52.351208,16.818298
302108,Kostrzyn,18491,154.791,52.392911,17.225044
302109,Kórnik,29787,186.147,52.257826,17.080664
302110,Mosina,33442,171.45,52.247328,16.85674
302111,Murowana Goślina,16901,172.157,52.572277,17.001415
302112,Pobiedziska,19741,189.671,52.474783,17.26431
302113,Rokietnica,18637,79.288,52.508309,16.745309
302114,Stęszew,15126,175.04,52.278833,16.693728
302115,Suchy Las,18104,116.006,52.4964,16.880157
302116,Swarzędz,51522,101.782,52.406928,17.071866
302117,Tarnowo Podgórne,28070,101.759,52.43629,16.690783
302401,Obrzycko,2375,3.735,52.70685,16.527491
302402,Duszniki,9109,156.293,52.451048,16.42777
302403,Kaźmierz,8755,127.886,52.509927,16.575989
302404,Obrzycko,4467,110.839,52.691911,16.52545
302405,Ostroróg,4925,84.817,52.628604,16.4454
302406,Pniewy,12708,158.488,52.507472,16.261505
302407,Szamotuły,30251,175.512,52.611454,16.583339
302408,Wronki,19074,301.715,52.708418,16.379674
302501,Dominowo,3079,79.391,52.287102,17.37523
302502,Krzykosy,7136,110.727,52.125853,17.371078
302503,Nowe Miasto nad Wartą,9057,118.941,52.074412,17.383269
302504,Środa Wielkopolska,32649,207.112,52.226336,17.272397
302505,Zaniemyśl,6958,106.548,52.158834,17.165329
302601,Brodnica,4892,95.827,52.13773,16.891752
302602,Dolsk,5883,124.458,51.989572,17.068838
302603,Książ Wielkopolski,8495,147.937,52.056732,17.240101
302604,Śrem,42155,205.846,52.081582,17.010067
306401,Poznań,534813,261.915,52.410274,16.920183
320101,Białogard,24146,25.742,54.007295,15.98782
320102,Białogard,7546,328.225,53.98367,15.944838
320103,Karlino,9137,141.034,54.038941,15.873706
320104,Tychowo,6731,350.424,53.932954,16.241777
320801,Kołobrzeg,46259,25.665,54.178112,15.58034
320802,Dygowo,5592,128.532,54.122203,15.741026
320803,Gościno,5138,115.995,54.046698,15.652592
320804,Kołobrzeg,10982,144.036,54.14109,15.51802
320805,Rymań,3929,146.158,53.965742,15.524857
320806,Siemyśl,3853,107.304,54.048578,15.549268
320807,Ustronie Morskie,3685,56.983,54.209072,15.756415
320901,Będzino,8659,166.169,54.202492,15.973676
320902,Biesiekierz,7154,116.616,54.171105,16.098729
320903,Bobolice,8898,367.513,53.961362,16.577545
320904,Manowo,6948,188.303,54.09261,16.282368
320905,Mielno,4888,62.149,54.255883,16.053321
320906,Polanów,8610,393.372,54.119772,16.666029
320907,Sianów,13853,226.764,54.230227,16.29975
320908,Świeszyno,7470,132.552,54.118948,16.167107
321301,Darłowo,13695,20.212,54.420323,16.411465
321302,Sławno,12468,15.832,54.362635,16.678122
321303,Darłowo,7949,269.443,54.386762,16.439782
321304,Malechowo,6264,226.439,54.283809,16.556867
321305,Postomino,6891,226.907,54.482596,16.682462
321306,Sławno,8867,284.378,54.355729,16.722291
326101,Koszalin,107048,98.351,54.19831,16.189707
320201,Bierzwnik,4670,239.069,53.039159,15.671936
320202,Choszczno,21635,246.304,53.167867,15.422454
320203,Drawno,5053,320.899,53.211332,15.758817
320204,Krzęcin,3667,140.293,53.073878,15.487495
320205,Pełczyce,7764,200.713,53.047003,15.31843
320206,Recz,5454,180.385,53.261081,15.549275
320301,Czaplinek,11867,364.833,53.557757,16.234865
320302,Drawsko Pomorskie,17174,409.423,53.532428,15.811798
320303,Kalisz Pomorski,7372,480.858,53.295255,15.902591
320305,Wierzchowo,4243,229.245,53.449286,16.129316
320306,Złocieniec,16359,279.917,53.535467,16.016903
321001,Barlinek,19244,258.724,52.994379,15.210654
321002,Boleszkowice,2849,130.49,52.722243,14.574661
321003,Dębno,20486,318.4,52.737971,14.702117
321004,Myślibórz,19702,328.842,52.925288,14.867409
321005,Nowogródek Pomorski,3357,145.887,52.912091,15.088108
321201,Bielice,3122,84.197,53.200387,14.739888
321202,Kozielice,2477,94.529,53.090346,14.79622
321203,Lipiany,5832,94.858,53.008056,14.971331
321204,Przelewice,5129,161.984,53.116465,15.097515
321205,Pyrzyce,19313,204.322,53.145728,14.893064
321206,Warnice,3463,86.15,53.234087,14.991369
321501,Szczecinek,40043,48.477,53.710011,16.690028
321502,Barwice,8478,258.556,53.747,16.352541
321503,Biały Bór,5294,270.017,53.892769,16.83589
321504,Borne Sulinowo,9935,484.503,53.585913,16.532723
321505,Grzmiąca,4665,205.1,53.838119,16.422736
321506,Szczecinek,9215,498.879,53.717918,16.730302
321601,Świdwin,15468,22.372,53.773923,15.777767
321602,Brzeżno,2766,110.808,53.700227,15.780486
321603,Połczyn-Zdrój,15118,344.34,53.766646,16.092984
321604,Rąbino,3560,179.689,53.855966,15.943909
321605,Sławoborze,3994,188.652,53.893225,15.707405
321606,Świdwin,5818,247.276,53.781305,15.760147
321701,Wałcz,25179,38.191,53.27524,16.473157
321702,Człopa,4891,349.15,53.090058,16.133427
321703,Mirosławiec,5402,203.304,53.346885,16.089221
321704,Tuczno,4890,249.519,53.211845,16.169072
321705,Wałcz,12677,574.93,53.256334,16.480472
321801,Dobra,4363,115.897,53.5809,15.297796
321802,Łobez,13863,227.351,53.637261,15.621792
321803,Radowo Małe,3592,180.449,53.658301,15.440383
321804,Resko,7988,285.227,53.770942,15.405879
321805,Węgorzyno,6890,256.184,53.543606,15.547513
326201,Szczecin,401907,300.582,53.429777,14.55274
320402,Goleniów,36088,442.831,53.560496,14.826267
320403,Maszewo,8777,210.345,53.500073,15.062392
320404,Nowogard,24634,338.67,53.670978,15.120212
320405,Osina,3034,101.646,53.614366,15.014343
320406,Przybiernów,5005,228.867,53.755639,14.824777
320407,Stepnica,4883,197.934,53.661967,14.626468
320501,Brojce,3743,117.948,53.961611,15.360549
320502,Gryfice,23757,261.29,53.915856,15.203309
320503,Karnice,3977,133.115,54.016885,15.090772
320504,Płoty,8801,239.21,53.812104,15.265704
320507,Rewal,3862,40.637,54.076965,15.012552
320508,Trzebiatów,16137,225.137,54.064644,15.268287
320601,Banie,6308,206.326,53.101906,14.648483
320602,Cedynia,4221,180.646,52.88805,14.208968
320603,Chojna,13706,332.258,52.964444,14.427917
320604,Gryfino,31827,253.855,53.25252,14.501598
320605,Mieszkowice,7047,238.667,52.783055,14.500627
320606,Moryń,4267,124.591,52.856331,14.40965
320607,Stare Czarnowo,3828,152.887,53.347767,14.683563
320608,Trzcińsko-Zdrój,5271,170.444,52.960032,14.613542
320609,Widuchowa,5407,209.427,53.116625,14.444465
320701,Dziwnów,3957,27.764,54.019834,14.748325
320702,Golczewo,5871,175.294,53.826662,14.96386
320703,Kamień Pomorski,14377,186.158,53.965904,14.781084
320704,Międzyzdroje,6452,61.57,53.927315,14.454524
320705,Świerzno,4227,140.13,53.96591,14.981493
320706,Wolin,12115,272.175,53.845497,14.616025
321101,Dobra (Szczecińska),24292,110.216,53.44961,14.446613
321102,Kołbaskowo,13436,105.467,53.379796,14.472664
321103,Nowe Warpno,1636,100.071,53.695609,14.357279
321104,Police,41288,231.702,53.540717,14.550429
321401,Stargard,67837,48.074,53.338849,15.023143
321402,Chociwel,5804,160.823,53.46533,15.333201
321403,Dobrzany,4800,134.72,53.358532,15.431575
321404,Dolice,7802,237.187,53.20086,15.179849
321405,Ińsko,3346,151.023,53.436412,15.545493
321406,Kobylanka,5714,121.689,53.354099,14.860904
321408,Marianowo,3113,101.941,53.375829,15.259689
321409,Stara Dąbrowa,3720,112.595,53.4369,15.130293
321410,Stargard,13752,318.871,53.340458,15.096514
321411,Suchań,4298,133.049,53.28116,15.337147
326301,Świnoujście,40888,101.225,53.908014,14.241987
020101,Bolesławiec,38872,22.839,51.260119,15.570442
020102,Bolesławiec,14699,289.058,51.279299,15.554485
020103,Gromadka,5337,267.772,51.357791,15.757042
020104,Nowogrodziec,15214,176.4,51.203927,15.388093
020105,Osiecznica,7349,437.011,51.430259,15.392002
020106,Warta Bolesławiecka,8632,110.485,51.247413,15.697928
020501,Jawor,22758,18.8,51.053513,16.189178
020502,Bolków,10388,152.552,50.922175,16.099128
020503,Męcinka,5007,147.754,51.067953,16.137703
020504,Mściwojów,4054,71.798,51.056855,16.26979
020505,Paszowice,3997,101.128,51.038568,16.195008
020506,Wądroże Wielkie,3912,89.048,51.096805,16.362846
020601,Karpacz,4570,37.988,50.777562,15.754792
020602,Kowary,10813,37.38,50.79346,15.833026
020603,Piechowice,6156,43.169,50.85247,15.596279
020604,Szklarska Poręba,6633,75.436,50.827155,15.524428
020605,Janowice Wielkie,4302,57.872,50.879565,15.906546
020606,Jeżów Sudecki,7456,94.274,50.933008,15.74285
020607,Mysłakowice,10160,87.984,50.839963,15.793782
020608,Podgórzyn,8249,82.493,50.816929,15.725616
020609,Stara Kamienica,5252,110.545,50.906618,15.591906
020701,Kamienna Góra,18840,18.043,50.780765,16.033868
020702,Kamienna Góra,9035,158.062,50.759709,16.022036
020703,Lubawka,10851,138.02,50.699704,16.011755
020704,Marciszów,4513,81.561,50.849458,16.010184
021001,Lubań,20965,16.128,51.119741,15.283597
021002,Świeradów-Zdrój,4100,20.717,50.911365,15.337759
021003,Leśna,9952,104.565,51.020292,15.262575
021004,Lubań,6597,142.407,51.130717,15.304059
021005,Olszyna,6508,47.123,51.066329,15.376687
021006,Platerówka,1630,47.901,51.065485,15.164509
021007,Siekierczyn,4502,49.503,51.110427,15.209399
021201,Gryfów Śląski,9667,66.653,51.031694,15.416469
021202,Lubomierz,6218,130.323,51.008154,15.518729
021203,Lwówek Śląski,17268,240.171,51.113507,15.583085
021204,Mirsk,8525,186.546,50.970261,15.379949
021205,Wleń,4247,86.008,51.014293,15.669445
022501,Zawidów,4180,6.071,51.026783,15.057289
022502,Zgorzelec,30231,15.876,51.151483,15.009037
022503,Bogatynia,22940,136.127,50.90199,14.960732
022504,Pieńsk,9022,109.682,51.247128,15.047214
022505,Sulików,6012,94.518,51.066116,15.07006
022506,Węgliniec,8287,339.148,51.300323,15.211413
022507,Zgorzelec,8516,137.125,51.139423,15.047281
022601,Wojcieszów,3650,32.184,50.950159,15.923414
022602,Złotoryja,15496,11.509,51.12122,15.912498
022603,Pielgrzymka,4551,104.856,51.110424,15.78757
022604,Świerzawa,7503,159.906,51.016814,15.888374
022605,Zagrodno,5269,122.349,51.195179,15.849279
022606,Złotoryja,7021,145.097,51.117846,15.952541
026101,Jelenia Góra,79061,109.286,50.902645,15.738592
020301,Głogów,66980,35.121,51.65498,16.085487
020302,Głogów,6791,84.79,51.647001,16.06375
020303,Jerzmanowa,5156,63.333,51.607076,16.057892
020304,Kotla,4455,127.53,51.740431,16.035156
020305,Pęcław,2259,64.272,51.647755,16.243407
020306,Żukowice,3461,68.232,51.677222,15.932165
020401,Góra,19878,265.995,51.670271,16.536405
020402,Jemielno,2997,124.029,51.557831,16.522816
020403,Niechlów,4840,151.106,51.689159,16.39592
020404,Wąsosz,7155,197.114,51.564252,16.695816
020901,Chojnów,13266,5.331,51.270194,15.938636
020902,Chojnów,9597,230.927,51.27842,15.913548
020903,Krotoszyce,3319,67.519,51.145302,16.099105
020904,Kunice,7025,92.642,51.215387,16.256963
020905,Legnickie Pole,5196,85.379,51.161375,16.213831
020906,Miłkowice,6762,86.407,51.2501,16.082829
020907,Prochowice,7406,102.54,51.270341,16.365302
020908,Ruja,2595,73.27,51.175938,16.402637
021101,Lubin,72300,40.75,51.395429,16.198906
021102,Lubin,16178,289.829,51.387301,16.171561
021103,Rudna,7806,216.618,51.519106,16.317962
021104,Ścinawa,9866,164.431,51.413767,16.424525
021601,Chocianów,12796,221.688,51.418512,15.906224
021602,Gaworzyce,3991,76.746,51.626212,15.893329
021603,Grębocice,5402,121.692,51.593748,16.178612
021604,Polkowice,27727,167.655,51.505583,16.072792
021605,Przemków,8341,107.734,51.533779,15.775223
021606,Radwanice,4808,84.164,51.572449,15.944134
026201,Legnica,99350,56.279,51.205568,16.173416
020201,Bielawa,29872,36.205,50.683324,16.620068
020202,Dzierżoniów,33137,20.083,50.734414,16.64635
020203,Pieszyce,9410,63.603,50.709579,16.577306
020204,Piława Górna,6394,20.936,50.68334,16.750562
020205,Dzierżoniów,9092,141.05,50.720118,16.679005
020206,Łagiewniki,7438,124.727,50.796014,16.817832
020207,Niemcza,5470,71.87,50.715575,16.828143
020801,Duszniki-Zdrój,4545,22.258,50.405041,16.388001
020802,Kłodzko,26742,24.846,50.437189,16.649684
020803,Kudowa-Zdrój,9886,33.912,50.439009,16.238885
020804,Nowa Ruda,21908,37.044,50.569774,16.515702
020805,Polanica-Zdrój,6307,17.221,50.401449,16.51363
020806,Bystrzyca Kłodzka,18825,338.525,50.300601,16.646836
020807,Kłodzko,17112,253.23,50.409475,16.653888
020808,Lądek-Zdrój,8210,117.279,50.342122,16.872564
020809,Lewin Kłodzki,1923,52.136,50.411093,16.274498
020810,Międzylesie,7168,188.723,50.155622,16.664372
020811,Nowa Ruda,11546,139.642,50.596803,16.53121
020812,Radków,9052,139.947,50.507441,16.435833
020813,Stronie Śląskie,7493,146.087,50.29096,16.879931
020814,Szczytna,7279,132.354,50.416938,16.446205
021901,Świdnica,56803,21.757,50.844135,16.483721
021902,Świebodzice,22744,30.432,50.861386,16.320657
021903,Dobromierz,5206,86.199,50.949687,16.234926
021904,Jaworzyna Śląska,10239,67.51,50.914459,16.430811
021905,Marcinowice,6519,95.254,50.880203,16.620871
021906,Strzegom,25708,144.651,50.962515,16.349774
021907,Świdnica,17311,207.808,50.820846,16.480872
021908,Żarów,12391,87.842,50.941124,16.494524
022101,Boguszów-Gorce,15310,27.021,50.754918,16.203774
022102,Jedlina-Zdrój,4820,17.454,50.720957,16.344886
022103,Szczawno-Zdrój,5569,14.79,50.809078,16.262619
022104,Czarny Bór,4840,66.417,50.775949,16.129524
022105,Głuszyca,8605,62.194,50.686857,16.370066
022106,Mieroszów,6760,75.975,50.67055,16.190854
022107,Stare Bogaczowice,4304,87.214,50.827788,16.190615
022108,Walim,5403,79.141,50.722054,16.410227
022401,Bardo,5286,73.239,50.507051,16.738561
022402,Ciepłowody,2989,77.071,50.672774,16.917631
022403,Kamieniec Ząbkowicki,8086,96.378,50.524321,16.884222
022404,Stoszowice,5381,110.592,50.597121,16.694758
022405,Ząbkowice Śląskie,21664,146.413,50.591087,16.814354
022406,Ziębice,16949,222.689,50.603248,17.03893
022407,Złoty Stok,4447,75.26,50.443797,16.871756
026501,Wałbrzych,111356,84.688,50.795061,16.280893
021301,Cieszków,4663,100.838,51.623591,17.352481
021302,Krośnice,8139,178.529,51.451913,17.35862
021303,Milicz,24197,435.498,51.526992,17.271064
021401,Oleśnica,37142,20.957,51.208415,17.3869
021402,Bierutów,9960,146.978,51.129943,17.538042
021403,Dobroszyce,6801,131.971,51.264298,17.333869
021404,Dziadowa Kłoda,4598,105.356,51.215168,17.688849
021405,Międzybórz,5092,87.74,51.395211,17.663651
021406,Oleśnica,13854,242.879,51.214656,17.409616
021407,Syców,16874,145.588,51.308858,17.715646
021408,Twardogóra,12948,167.857,51.368028,17.466308
021501,Oława,33108,27.361,50.94451,17.291089
021502,Domaniów,5162,94.447,50.912499,17.154672
021503,Jelcz-Laskowice,23292,167.636,51.034805,17.343137
021504,Oława,15190,234.58,50.92718,17.267932
021701,Borów,5272,98.592,50.866744,17.027379
021702,Kondratowice,4276,98.275,50.764009,16.933064
021703,Przeworno,4754,111.888,50.693676,17.165401
021704,Strzelin,22167,171.289,50.782129,17.067771
021705,Wiązów,7101,141.875,50.80736,17.206616
021801,Kostomłoty,7119,146.014,51.048597,16.63061
021802,Malczyce,5952,52.723,51.217009,16.489359
021803,Miękinia,17006,179.51,51.17882,16.789498
021804,Środa Śląska,19914,215.079,51.161361,16.594342
021805,Udanin,5088,110.881,51.04923,16.454616
022001,Oborniki Śląskie,20317,154.258,51.296671,16.915485
022002,Prusice,9377,157.993,51.378506,16.930387
022003,Trzebnica,24436,199.953,51.307725,17.062825
022004,Wisznia Mała,10559,103.34,51.223565,17.028282
022005,Zawonia,5904,117.457,51.336546,17.212589
022006,Żmigród,14660,291.793,51.473843,16.907158
022201,Brzeg Dolny,16134,94.412,51.272641,16.707675
022202,Wińsko,8274,249.449,51.456755,16.590691
022203,Wołów,22410,331.078,51.333936,16.629872
022301,Czernica,16619,83.607,51.074574,17.228202
022302,Długołęka,33838,212.974,51.165032,17.184537
022303,Jordanów Śląski,3179,56.741,50.863166,16.861994
022304,Kąty Wrocławskie,25282,176.724,51.043888,16.817603
022305,Kobierzyce,21760,149.188,51.019576,16.951489
022306,Mietków,3759,83.38,50.9679,16.647872
022307,Sobótka,12914,136.27,50.900807,16.740678
022308,Siechnice,22878,98.823,51.034039,17.13533
022309,Żórawina,11156,120.207,50.979952,17.036575
026401,Wrocław,642869,292.798,51.109727,17.024683
160101,Brzeg,35709,14.6,50.856402,17.467751
160102,Skarbimierz,8217,110.318,50.850047,17.426125
160103,Grodków,19087,286.02,50.694559,17.380784
160104,Lewin Brzeski,12940,159.638,50.75261,17.617946
160105,Lubsza,8984,212.73,50.907133,17.534773
160106,Olszanka,4867,92.782,50.782547,17.46043
160201,Baborów,5976,117.07,50.153896,17.986448
160202,Branice,6474,121.598,50.05595,17.808005
160203,Głubczyce,22280,294.322,50.200364,17.823944
160204,Kietrz,10822,139.617,50.077531,17.9957
160601,Domaszowice,3569,114.041,51.053708,17.881585
160602,Namysłów,26172,290.053,51.073961,17.716998
160603,Pokój,5178,132.85,50.921243,17.854297
160604,Świerczów,3330,110.337,50.965092,17.761875
160605,Wilków,4385,100.666,51.131071,17.661897
160701,Głuchołazy,23643,168.069,50.31877,17.379258
160702,Kamiennik,3444,89.41,50.56002,17.161061
160703,Korfantów,8734,179.655,50.475967,17.592688
160704,Łambinowice,7441,123.939,50.538015,17.540425
160705,Nysa,56951,217.573,50.469395,17.336528
160706,Otmuchów,13501,187.395,50.46527,17.175812
160707,Paczków,12535,79.968,50.460263,17.007543
160708,Pakosławice,3500,74.058,50.54266,17.333289
160709,Skoroszyce,6199,103.783,50.605767,17.388063
161001,Biała,10565,196.094,50.400739,17.676489
161002,Głogówek,13221,169.854,50.348789,17.863623
161003,Lubrza,4342,83.11,50.32018,17.61881
161004,Prudnik,27109,122.312,50.321413,17.578252
160301,Kędzierzyn-Koźle,60641,123.705,50.342832,18.206082
160302,Bierawa,7912,118.532,50.272126,18.286838
160303,Cisek,5593,71.084,50.256471,18.196273
160304,Pawłowiczki,7426,153.572,50.254554,18.02249
160305,Polska Cerekiew,4013,60.156,50.227001,18.132792
160306,Reńska Wieś,8295,98.084,50.318313,18.111269
160401,Byczyna,9221,182.91,51.110702,18.210162
160402,Kluczbork,35938,216.953,50.976975,18.211013
160403,Lasowice Wielkie,6827,210.952,50.889811,18.236874
160404,Wołczyn,13484,241.008,51.017303,18.04755
160501,Gogolin,12662,100.504,50.50155,18.015429
160502,Krapkowice,22568,97.358,50.481828,17.966825
160503,Strzeleczki,7398,117.345,50.454748,17.838195
160504,Walce,5397,69.238,50.38859,18.003461
160505,Zdzieszowice,15722,57.416,50.42645,18.120747
160801,Dobrodzień,9838,162.719,50.717035,18.441315
160802,Gorzów Śląski,7131,153.668,51.029718,18.414222
160803,Olesno,17763,240.853,50.878253,18.421741
160804,Praszka,13472,103.074,51.051985,18.455564
160805,Radłów,4299,116.873,50.952609,18.536019
160806,Rudniki,8159,100.439,51.033104,18.606689
160807,Zębowice,3631,95.759,50.767275,18.332948
160901,Chrząstowice,7013,82.352,50.649803,18.086115
160902,Dąbrowa,8269,114.072,50.700058,17.793475
160903,Dobrzeń Wielki,9478,63.38,50.770885,17.845098
160904,Komprachcice,9120,50.59,50.635853,17.810286
160905,Łubniany,9872,126.065,50.757688,17.986339
160906,Murów,5298,160.04,50.86522,17.997784
160907,Niemodlin,13162,183.14,50.642458,17.615909
160908,Ozimek,19543,125.662,50.67949,18.216749
160909,Popielów,8029,175.475,50.838717,17.740866
160910,Prószków,9091,118.243,50.583022,17.886258
160911,Tarnów Opolski,9628,81.792,50.579253,18.069606
160912,Tułowice,5205,81.26,50.598153,17.650584
160913,Turawa,10018,172.08,50.751031,18.063521
161101,Izbicko,5412,84.52,50.571173,18.162636
161102,Jemielnica,7236,113.461,50.546175,18.380562
161103,Kolonowskie,5874,83.573,50.653685,18.366124
161104,Leśnica,7550,94.741,50.427395,18.193878
161105,Strzelce Opolskie,30515,202.484,50.512195,18.293226
161106,Ujazd,6409,83.3,50.406997,18.344745
161107,Zawadzkie,11304,82.15,50.602345,18.490751
166101,Opole,128035,149.026,50.670947,17.935308
040301,Białe Błota,22450,122.254,53.10368,17.897083
040302,Dąbrowa Chełmińska,8369,124.973,53.172513,18.27586
040303,Dobrcz,11802,130.095,53.266798,18.134296
040304,Koronowo,24056,411.662,53.307969,17.940476
040305,Nowa Wieś Wielka,10195,148.294,52.999565,18.054912
040306,Osielsko,14771,101.696,53.191177,18.061825
040307,Sicienko,10241,179.814,53.167271,17.89192
040308,Solec Kujawski,16799,175.083,53.078977,18.228498
041501,Chełmża,14449,7.838,53.185777,18.605885
041502,Chełmża,9826,178.898,53.19304,18.625026
041503,Czernikowo,9064,170.138,52.940234,18.945247
041504,Lubicz,20181,105.736,53.029719,18.75592
041505,Łubianka,7293,84.527,53.13631,18.499204
041506,Łysomice,10155,126.938,53.096925,18.634134
041507,Obrowo,17753,162.303,52.991973,18.820521
041508,Wielka Nieszawka,5238,216.28,52.98906,18.530062
041509,Zławieś Wielka,14386,177.922,53.070168,18.411916
046101,Bydgoszcz,348190,175.984,53.128079,18.0412
046301,Toruń,201447,115.71,53.021495,18.622472
040201,Brodnica,28880,23.143,53.251319,19.406732
040202,Bobrowo,6325,145.869,53.277205,19.229558
040203,Brodnica,8533,126.73,53.242147,19.421579
040204,Brzozie,3824,93.894,53.312579,19.571878
040205,Górzno,3913,119.684,53.200442,19.638428
040206,Bartniczka,4691,83.338,53.244593,19.57952
040207,Jabłonowo Pomorskie,8872,134.785,53.389114,19.161895
040208,Osiek,4043,75.01,53.16393,19.390716
040209,Świedziebnia,5161,103.683,53.145074,19.554792
040210,Zbiczno,4855,133.755,53.326443,19.408422
040401,Chełmno,19510,13.554,53.347982,18.428218
040402,Chełmno,6092,113.764,53.378758,18.494791
040403,Kijewo Królewskie,4516,71.866,53.274369,18.437002
040404,Lisewo,5199,86.33,53.299135,18.672329
040405,Papowo Biskupie,4343,70.464,53.254839,18.547785
040406,Stolno,5309,98.521,53.333849,18.507636
040407,Unisław,6956,72.528,53.211198,18.387101
040501,Golub-Dobrzyń,12546,7.499,53.105881,19.05269
040502,Ciechocin,4022,101.171,53.046965,18.939693
040503,Golub-Dobrzyń,8781,197.72,53.125379,19.065529
040504,Kowalewo Pomorskie,11453,141.198,53.152432,18.889389
040505,Radomin,3837,80.804,53.085347,19.169293
040506,Zbójno,4379,84.288,53.007392,19.12396
040601,Grudziądz,12954,166.333,53.430732,18.763713
040602,Gruta,6396,123.706,53.444383,18.941162
040603,Łasin,7839,136.445,53.518808,19.086242
040604,Radzyń Chełmiński,4638,91.145,53.385345,18.928889
040605,Rogóźno,4241,116.291,53.542305,18.933203
040606,Świecie nad Osą,4170,94.828,53.442738,19.099422
041201,Rypin,16130,10.966,53.066052,19.418997
041202,Brzuze,5287,86.399,53.057403,19.279056
041203,Rogowo,4765,139.836,52.983839,19.393633
041204,Rypin,7492,132.114,53.07802,19.423831
041205,Skrwilno,5845,123.97,53.019626,19.614892
041206,Wąpielsk,3967,93.447,53.143937,19.285342
041701,Wąbrzeźno,13518,8.53,53.279283,18.950164
041702,Dębowa Łąka,3165,86.109,53.235224,19.067149
041703,Książki,4149,86.291,53.327841,19.067654
041704,Płużnica,4775,119.21,53.313049,18.793132
041705,Ryńsk,8587,200.709,53.261593,18.926072
046201,Grudziądz,94368,57.768,53.480102,18.750225
040101,Aleksandrów Kujawski,12102,7.234,52.873783,18.697469
040102,Ciechocinek,10618,15.298,52.876309,18.792009
040103,Nieszawa,1843,9.765,52.835665,18.901781
040104,Aleksandrów Kujawski,11943,131.394,52.864115,18.69951
040105,Bądkowo,4222,79.689,52.709665,18.793641
040106,Koneck,3125,67.853,52.793606,18.708481
040107,Raciążek,3138,32.887,52.855764,18.804338
040108,Waganiec,4566,54.523,52.791251,18.852148
040109,Zakrzewo,3509,75.996,52.745889,18.618265
040801,Lipno,14371,10.995,52.845157,19.177354
040802,Bobrowniki,3086,95.378,52.790715,18.953331
040803,Chrostkowo,2870,74.095,52.948535,19.236822
040804,Dobrzyń nad Wisłą,7584,116.101,52.646633,19.31462
040805,Kikół,7102,98.323,52.918469,19.116403
040806,Lipno,11870,210.018,52.827993,19.166857
040807,Skępe,7528,178.812,52.870271,19.347648
040808,Tłuchowo,4648,99.351,52.747684,19.459599
040809,Wielgie,6691,133.653,52.745143,19.24982
041101,Radziejów,5516,5.693,52.623512,18.52598
041102,Bytoń,3456,73.356,52.562547,18.608553
041103,Dobre,5352,70.81,52.687895,18.568885
041104,Osięciny,7595,123.125,52.631147,18.72165
041105,Piotrków Kujawski,9234,138.718,52.546977,18.499153
041106,Radziejów,4375,92.636,52.625772,18.542433
041107,Topólka,4793,102.861,52.498392,18.704599
041801,Kowal,3505,4.68,52.531785,19.146222
041802,Baruchowo,3436,106.65,52.488368,19.257378
041803,Boniewo,3366,77.646,52.458847,18.89086
041804,Brześć Kujawski,11442,150.969,52.618786,18.908441
041805,Choceń,7977,99.879,52.498406,19.033033
041806,Chodecz,5996,122.095,52.407786,19.028333
041807,Fabianki,10107,75.844,52.704768,19.115049
041808,Izbica Kujawska,7657,132.1,52.41796,18.76318
041809,Kowal,3918,114.893,52.515371,19.149317
041810,Lubanie,4562,69.404,52.743466,18.908082
041811,Lubień Kujawski,7325,150.877,52.407536,19.16008
041812,Lubraniec,9437,147.991,52.541088,18.83255
041813,Włocławek,7309,219.696,52.589622,19.033743
046401,Włocławek,109883,84.342,52.650912,19.059919
040701,Inowrocław,72561,30.425,52.790228,18.257852
040702,Dąbrowa Biskupia,5104,147.181,52.780209,18.503239
040703,Gniewkowo,14388,179.637,52.889607,18.404732
040704,Inowrocław,11825,171.618,52.796567,18.289802
040705,Janikowo,13067,91.968,52.753774,18.11128
040706,Kruszwica,19213,262.497,52.674709,18.33406
040707,Pakość,9793,86.513,52.803349,18.083899
040708,Rojewo,4718,119.763,52.90257,18.278689
040709,Złotniki Kujawskie,9145,135.584,52.887584,18.135081
040901,Dąbrowa,4600,110.267,52.763852,17.936023
040902,Jeziora Wielkie,4860,123.681,52.538526,18.248582
040903,Mogilno,24574,256.33,52.655565,17.959517
040904,Strzelno,11585,184.915,52.632949,18.173597
041001,Kcynia,13361,296.866,52.994254,17.483619
041002,Mrocza,9233,150.558,53.244407,17.595863
041003,Nakło nad Notecią,31668,186.957,53.139328,17.602844
041004,Sadki,7252,153.771,53.159682,17.445218
041005,Szubin,24797,332.304,53.014159,17.739511
041901,Barcin,14751,120.874,52.850595,17.961337
041902,Gąsawa,5304,135.848,52.770547,17.763714
041903,Janowiec Wielkopolski,9008,130.731,52.758877,17.493718
041904,Łabiszyn,10219,166.852,52.948879,17.91122
041905,Rogowo,6828,178.861,52.711616,17.659945
041906,Żnin,24080,251.597,52.852737,17.716557
041301,Kamień Krajeński,6906,163.332,53.540152,17.521943
041302,Sępólno Krajeńskie,15803,229.104,53.453075,17.53328
041303,Sośno,4983,162.587,53.357195,17.664855
041304,Więcbork,13364,235.949,53.353306,17.476888
041401,Bukowiec,5138,110.971,53.429603,18.254019
041402,Dragacz,7216,111.914,53.491553,18.686629
041403,Drzycim,4897,108.44,53.50859,18.329762
041404,Jeżewo,8074,155.884,53.496442,18.45785
041405,Lniano,4322,88.331,53.521112,18.205353
041406,Nowe,10183,106.672,53.648495,18.725296
041407,Osie,5496,209.623,53.599402,18.335483
041408,Pruszcz,9562,141.8,53.337621,18.187244
041409,Świecie,33949,174.883,53.409405,18.434585
041410,Świekatowo,3622,64.557,53.419135,18.09715
041411,Warlubie,6493,201.102,53.58608,18.634555
041601,Cekcyn,6870,253.084,53.573905,18.030294
041602,Gostycyn,5196,135.733,53.482834,17.810585
041603,Kęsowo,4493,109.234,53.583115,17.731631
041604,Lubiewo,5981,162.759,53.48589,18.005366
041605,Śliwice,5592,174.734,53.70795,18.17151
041606,Tuchola,20251,239.805,53.585568,17.867641
220401,Pruszcz Gdański,31326,16.465,54.260195,18.648159
220402,Cedry Wielkie,6965,123.866,54.267272,18.896505
220403,Kolbudy,17839,82.619,54.285838,18.510881
220404,Pruszcz Gdański,31321,143.869,54.260803,18.617017
220405,Przywidz,5957,129.398,54.194571,18.319075
220406,Pszczółki,9713,50.155,54.17623,18.686431
220407,Suchy Dąb,4223,84.821,54.201022,18.775724
220408,Trąbki Wielkie,11145,162.663,54.167025,18.532779
220501,Chmielno,7805,78.585,54.333549,18.065728
220502,Kartuzy,34013,206.417,54.330544,18.198292
220503,Przodkowo,9663,85.249,54.384186,18.284212
220504,Sierakowice,20054,182.256,54.346958,17.893525
220505,Somonino,10814,112.075,54.264874,18.192418
220506,Stężyca,10664,160.506,54.220354,17.979403
220507,Sulęczyno,5547,131.395,54.245221,17.808512
220508,Żukowo,40837,164.01,54.363862,18.379065
221001,Krynica Morska,1286,23.971,54.38221,19.439326
221002,Nowy Dwór Gdański,17695,213.139,54.210932,19.118406
221003,Ostaszewo,3216,60.628,54.221951,18.977771
221004,Stegna,9749,170.108,54.307825,19.056459
221005,Sztutowo,3634,63.448,54.325825,19.184774
221101,Hel,3261,21.72,54.605373,18.804347
221102,Jastarnia,3690,7.801,54.700319,18.674768
221103,Puck,11241,4.783,54.715177,18.407581
221104,Władysławowo,15388,39.186,54.795465,18.394388
221105,Kosakowo,15589,50.151,54.575576,18.490876
221106,Krokowa,10816,210.915,54.784026,18.085036
221107,Puck,26699,237.51,54.702001,18.369277
221501,Reda,26307,33.455,54.602286,18.352622
221502,Rumia,49230,30.059,54.570517,18.400449
221503,Wejherowo,49505,26.994,54.604774,18.245284
221504,Choczewo,5495,183.311,54.741735,17.873695
221505,Gniewino,7436,176.262,54.7085,18.031258
221506,Linia,6432,119.845,54.454419,17.955561
221507,Luzino,16539,111.449,54.567896,18.108081
221508,Łęczyce,12084,232.857,54.573996,17.963227
221509,Szemud,18240,176.872,54.470931,18.306473
221510,Wejherowo,26578,194.211,54.613024,18.18163
220101,Borzytuchom,3364,108.634,54.190406,17.3843
220102,Bytów,25420,196.923,54.172907,17.494324
220103,Czarna Dąbrówka,5917,298.004,54.347847,17.573827
220104,Kołczygłowy,4237,170.089,54.237877,17.231413
220105,Lipnica,5216,308.976,53.996387,17.355477
220106,Miastko,19509,466.648,54.005289,16.978453
220107,Parchowo,3795,131.244,54.198592,17.668739
220108,Studzienice,3760,176.224,54.105055,17.584925
220109,Trzebielino,3696,225.28,54.231404,17.093766
220110,Tuchomie,4284,110.183,54.107827,17.318867
220801,Lębork,35273,17.848,54.539297,17.745702
220802,Łeba,3601,14.81,54.758788,17.554999
220803,Cewice,7577,187.585,54.430811,17.744853
220804,Nowa Wieś Lęborska,13645,270.529,54.569265,17.731018
220805,Wicko,6019,214.981,54.684538,17.621006
221201,Ustka,15367,10.133,54.581547,16.866108
221202,Damnica,6093,167.651,54.505502,17.281895
221203,Dębnica Kaszubska,9534,299.537,54.367488,17.204822
221204,Główczyce,8979,322.28,54.608353,17.38854
221205,Kępice,9063,293.071,54.237535,16.887758
221206,Kobylnica,12848,243.884,54.415558,16.962534
221207,Potęgowo,6882,228.477,54.473931,17.467415
221208,Słupsk,18206,261.736,54.490376,17.068603
221209,Smołdzino,3375,260.2,54.653202,17.202605
221210,Ustka,8339,217.519,54.574749,16.939592
226301,Słupsk,90681,43.152,54.466126,17.012212
220701,Kwidzyn,38418,21.531,53.731369,18.9363
220702,Gardeja,8421,192.683,53.628142,18.990891
220703,Kwidzyn,11429,207.313,53.748197,18.953177
220704,Prabuty,13091,197.107,53.754183,19.202353
220705,Ryjewo,5831,103.711,53.843679,18.965588
220706,Sadlinki,5984,112.332,53.661552,18.85981
220901,Malbork,38345,17.154,54.031792,19.03612
220903,Lichnowy,4613,88.83,54.095007,18.851088
220904,Malbork,4831,100.715,54.048515,19.035591
220906,Miłoradz,3348,93.768,54.02548,18.900744
220907,Nowy Staw,7637,114.504,54.135248,19.016911
220908,Stare Pole,4696,79.398,54.053244,19.197559
221301,Czarna Woda,3141,27.734,53.843124,18.10322
221302,Skórcz,3623,3.633,53.794273,18.525979
221303,Starogard Gdański,47671,25.282,53.964592,18.526543
221304,Bobowo,3202,51.63,53.880797,18.552488
221305,Kaliska,5401,110.634,53.902626,18.216366
221306,Lubichowo,6646,160.9,53.846455,18.39283
221307,Osieczna,2880,122.978,53.771334,18.179772
221308,Osiek,2376,156.167,53.748674,18.496946
221309,Skarszewy,14924,169.717,54.07183,18.445239
221310,Skórcz,4592,96.864,53.811645,18.53788
221311,Smętowo Graniczne,5185,86.031,53.739965,18.665503
221312,Starogard Gdański,16713,196.201,53.950834,18.548435
221313,Zblewo,11832,137.795,53.946878,18.335972
221401,Tczew,59951,22.344,54.092274,18.782132
221402,Gniew,15443,194.154,53.83271,18.824016
221403,Morzeszczyn,3649,91.167,53.828058,18.678657
221404,Pelplin,16166,141.018,53.926619,18.699368
221405,Subkowy,5484,77.799,54.003684,18.76444
221406,Tczew,15035,170.618,54.087768,18.701463
221601,Dzierzgoń,9225,130.94,53.924033,19.347193
221602,Mikołajki Pomorskie,3627,91.589,53.851621,19.195737
221603,Stary Dzierzgoń,3913,185.658,53.883852,19.451217
221604,Stary Targ,6246,141.315,53.941605,19.182718
221605,Sztum,18291,181.059,53.920979,19.033264
226101,Gdańsk,470907,261.686,54.375055,18.605882
226201,Gdynia,246348,135.13,54.519316,18.502493
226401,Sopot,35719,17.282,54.441155,18.56247
220201,Chojnice,39804,21.033,53.697479,17.568642
220202,Brusy,14575,400.451,53.887913,17.717897
220203,Chojnice,19311,458.193,53.704504,17.601303
220204,Czersk,21644,380.083,53.794302,17.961009
220205,Konarzyny,2311,104.415,53.830074,17.379622
220301,Człuchów,13624,12.773,53.665005,17.35885
220302,Czarne,9055,234.874,53.684087,16.943606
220303,Człuchów,11128,361.443,53.681752,17.377383
220304,Debrzno,8984,223.984,53.542238,17.243788
220305,Koczała,3356,223.223,53.907151,17.067165
220306,Przechlewo,6331,243.908,53.797103,17.263114
220307,Rzeczenica,3607,274.759,53.766598,17.079327
220601,Kościerzyna,23742,15.855,54.121058,17.967864
220602,Dziemiany,4410,125.363,54.007325,17.771561
220603,Karsin,6239,169.409,53.906684,17.908005
220604,Kościerzyna,16091,309.873,54.121665,17.943492
220605,Liniewo,4597,109.918,54.07714,18.243717
220606,Lipusz,3744,109.026,54.097398,17.782649
220607,Nowa Karczma,7049,113.412,54.135235,18.163541
220608,Stara Kiszewa,6816,212.686,53.991385,18.141156
280201,Braniewo,16992,12.417,54.380491,19.82367
280202,Braniewo,6031,281.299,54.358531,19.911951
280203,Frombork,3555,87.764,54.35632,19.684294
280204,Lelkowo,2817,198.147,54.357365,20.186334
280205,Pieniężno,6183,241.084,54.238482,20.125001
280206,Płoskinia,2486,171.877,54.271857,19.943012
280207,Wilczęta,2970,147.995,54.159879,19.843726
280301,Działdowo,21274,11.467,53.237219,20.18192
280302,Działdowo,9821,272.148,53.269905,20.1658
280303,Iłowo-Osada,7192,103.741,53.171506,20.288088
280304,Lidzbark,14052,254.825,53.260534,19.825759
280305,Płośnica,5604,163.283,53.239667,20.015507
280306,Rybno,7196,148.421,53.377217,19.931383
280401,Elbląg,7563,192.296,54.139391,19.409446
280402,Godkowo,3011,166.744,54.082678,19.933455
280403,Gronowo Elbląskie,5127,89.138,54.099727,19.300357
280404,Markusy,4048,109.499,54.039391,19.383047
280405,Milejewo,3419,95.718,54.201216,19.551459
280406,Młynary,4406,157.108,54.188919,19.723614
280407,Pasłęk,19313,264.009,54.060494,19.663484
280408,Rychliki,3753,131.749,53.990158,19.513849
280409,Tolkmicko,6571,107.83,54.307932,19.521612
280701,Iława,33327,21.878,53.592041,19.56543
280702,Lubawa,10388,16.847,53.502084,19.745871
280703,Iława,12988,424.11,53.596121,19.536217
280704,Kisielice,5997,172.997,53.605989,19.257379
280705,Lubawa,10689,236.451,53.521628,19.763912
280706,Susz,12727,259.043,53.715653,19.337504
280707,Zalewo,6763,253.841,53.842899,19.608915
281201,Nowe Miasto Lubawskie,10850,11.363,53.42485,19.594363
281202,Biskupiec,9308,240.586,53.493713,19.352226
281203,Grodziczno,6308,154.269,53.392287,19.7423
281204,Kurzętnik,9111,149.056,53.404137,19.557954
281205,Nowe Miasto Lubawskie,8245,138.48,53.460178,19.586148
281501,Ostróda,32888,14.167,53.694963,19.963229
281502,Dąbrówno,4283,165.708,53.451035,20.027158
281503,Grunwald,5638,179.922,53.524205,20.100957
281504,Łukta,4455,186.47,53.81204,20.082753
281505,Małdyty,6251,189.035,53.910037,19.748056
281506,Miłakowo,5404,158.454,54.004541,20.073571
281507,Miłomłyn,4919,160.783,53.763425,19.830872
281508,Morąg,24199,311.208,53.911844,19.932255
281509,Ostróda,16114,400.813,53.674563,19.948528
286101,Elbląg,119317,79.819,54.170003,19.409231
280501,Ełk,62109,21.04,53.821288,22.353246
280502,Ełk,11820,379.187,53.827732,22.327046
280503,Kalinowo,6660,284.568,53.847404,22.642698
280504,Prostki,7238,231.118,53.703259,22.434404
280505,Stare Juchy,3733,197.024,53.916797,22.171372
280601,Giżycko,29307,13.719,54.03962,21.77269
280604,Giżycko,8510,297.055,54.046997,21.792046
280605,Kruklanki,3125,201.559,54.087684,21.935429
280606,Miłki,3722,169.621,53.94414,21.850677
280608,Ryn,5668,204.576,53.937983,21.547125
280610,Wydminy,6233,232.981,53.978972,22.037178
281303,Kowale Oleckie,4960,251.12,54.163819,22.415893
281304,Olecko,22025,266.733,54.036258,22.502752
281305,Świętajno,3883,214.939,54.010319,22.300801
281306,Wieliczki,3280,140.79,53.97025,22.592648
281601,Biała Piska,11622,420.388,53.630043,22.068952
281602,Orzysz,8863,362.503,53.808145,21.947692
281603,Pisz,27659,634.391,53.625868,21.810429
281604,Ruciane-Nida,7991,358.017,53.644482,21.53868
281801,Banie Mazurskie,3671,204.992,54.251844,22.040645
281802,Dubeninki,2886,205.319,54.31479,22.61822
281803,Gołdap,20132,362.023,54.304686,22.302904
281901,Budry,2780,174.932,54.278493,21.85012
281902,Pozezdrze,3253,176.785,54.147525,21.863815
281903,Węgorzewo,16605,341.477,54.211028,21.743189
280101,Bartoszyce,23284,11.784,54.251995,20.805882
280102,Górowo Iławeckie,3940,3.317,54.284153,20.488889
280103,Bartoszyce,10715,427.212,54.241175,20.811432
280104,Bisztynek,6299,202.904,54.081663,20.930671
280105,Górowo Iławeckie,6811,415.939,54.297339,20.474418
280106,Sępopol,6182,246.365,54.275249,21.013608
280801,Kętrzyn,27056,10.349,54.078706,21.367582
280802,Barciany,6109,294.092,54.234707,21.32971
280803,Kętrzyn,8230,285.321,54.086263,21.385377
280804,Korsze,9646,249.843,54.169283,21.14661
280805,Reszel,7488,179.226,54.051256,21.14695
280806,Srokowo,3754,194.153,54.196352,21.504374
280901,Lidzbark Warmiński,15697,14.352,54.129564,20.577928
280902,Kiwity,3286,145.076,54.101567,20.716783
280903,Lidzbark Warmiński,6692,372.097,54.120306,20.553797
280904,Lubomino,3596,149.203,54.047924,20.238772
280905,Orneta,11909,244.235,54.114979,20.133896
281001,Mrągowo,21556,14.807,53.864445,21.299168
281002,Mikołajki,8131,255.614,53.805879,21.577364
281003,Mrągowo,7975,295.105,53.88528,21.320392
281004,Piecki,7572,314.482,53.749884,21.338489
281005,Sorkwity,4528,184.667,53.841457,21.14563
281101,Janowiec Kościelny,3202,135.951,53.281904,20.518875
281102,Janowo,2654,191.653,53.328399,20.662352
281103,Kozłowo,5998,254.297,53.323323,20.282261
281104,Nidzica,21003,378.765,53.36219,20.425528
281401,Barczewo,18019,320.076,53.83078,20.692263
281402,Biskupiec,18997,290.362,53.862765,20.950871
281403,Dobre Miasto,15844,258.705,53.984313,20.396259
281404,Dywity,12004,161.165,53.843167,20.492866
281405,Gietrzwałd,6685,172.349,53.73366,20.284784
281406,Jeziorany,7669,211.512,53.977329,20.745123
281407,Jonkowo,7430,168.697,53.820655,20.30835
281408,Kolno,3137,178.574,53.985042,20.971601
281409,Olsztynek,13701,371.538,53.581466,20.285962
281410,Purda,8708,318.049,53.745922,20.55644
281411,Stawiguda,10548,222.93,53.723148,20.472557
281412,Świątki,4039,164.105,53.929731,20.24246
281701,Szczytno,23088,9.973,53.564601,20.99743
281702,Dźwierzuty,6492,263.419,53.697288,20.989007
281703,Jedwabno,3631,311.916,53.532035,20.733331
281704,Pasym,5312,149.193,53.64627,20.791514
281705,Rozogi,5523,224.435,53.474194,21.350684
281706,Szczytno,13095,346.844,53.546568,21.006804
281707,Świętajno,5774,279.523,53.573471,21.250801
281708,Wielbark,6461,347.887,53.400424,20.942966
286201,Olsztyn,171979,88.327,53.764538,20.491526
100602,Andrespol,14205,25.737,51.723237,19.640039
100603,Brójce,6672,69.015,51.688309,19.655356
100607,Koluszki,23368,154.837,51.740541,19.817242
100608,Nowosolna,5084,53.974,51.816634,19.612552
100610,Rzgów,10459,66.331,51.676259,19.490313
100611,Tuszyn,12391,129.877,51.607428,19.533465
100801,Konstantynów Łódzki,18206,27.245,51.75081,19.329143
100802,Pabianice,64757,32.98,51.658954,19.357801
100803,Dłutów,4657,101.217,51.559949,19.390641
100804,Dobroń,7728,95.506,51.632951,19.252621
100805,Ksawerów,7668,13.651,51.680085,19.404243
100806,Lutomiersk,8639,133.934,51.757279,19.209211
100807,Pabianice,7636,87.699,51.684142,19.300329
102001,Głowno,14119,19.85,51.958734,19.717639
102002,Ozorków,19311,15.478,51.955163,19.286674
102003,Zgierz,56190,42.327,51.858849,19.403475
102004,Aleksandrów Łódzki,32303,116.434,51.816563,19.309295
102005,Głowno,4808,104.772,51.986629,19.678027
102006,Ozorków,7021,95.51,51.98684,19.29787
102007,Parzęczew,5112,103.87,51.954108,19.212479
102008,Stryków,12711,157.89,51.877237,19.58839
102009,Zgierz,14538,199.057,51.906863,19.416124
102101,Brzeziny,12501,21.57,51.799776,19.754739
102102,Brzeziny,5783,106.643,51.786532,19.76941
102103,Dmosin,4463,100.212,51.917916,19.757469
102104,Jeżów,3375,64.096,51.811762,19.970059
102105,Rogów,4711,66.062,51.817584,19.883203
106101,Łódź,679941,293.268,51.763233,19.457135
100101,Bełchatów,56973,34.646,51.357667,19.372544
100102,Bełchatów,11572,180.368,51.349199,19.400632
100103,Drużbice,5237,113.353,51.467591,19.397474
100104,Kleszczów,6335,124.728,51.211752,19.312243
100105,Kluki,4372,118.6,51.336224,19.248032
100106,Rusiec,5080,99.89,51.322304,18.96962
100107,Szczerców,8255,128.873,51.329616,19.115242
100108,Zelów,14955,167.108,51.468083,19.215411
100701,Białaczów,5767,114.617,51.298494,20.309555
100702,Drzewica,10424,118.199,51.447184,20.45919
100703,Mniszków,4770,123.901,51.378569,20.005551
100704,Opoczno,34108,190.667,51.381158,20.277157
100705,Paradyż,4354,81.304,51.309693,20.10341
100706,Poświętne,3148,141.684,51.517005,20.345849
100707,Sławno,7627,129.308,51.395916,20.152217
100708,Żarnów,5908,141.042,51.246254,20.165804
101001,Aleksandrów,4326,144.082,51.269984,19.977993
101002,Czarnocin,4131,71.787,51.59431,19.674897
101003,Gorzkowice,8506,102.176,51.218755,19.598901
101004,Grabica,6053,127.611,51.447967,19.600817
101005,Łęki Szlacheckie,3452,108.893,51.198004,19.771595
101006,Moszczenica,12930,111.477,51.496325,19.704876
101007,Ręczno,3523,88.258,51.190439,19.864309
101008,Rozprza,12297,163.19,51.287829,19.629096
101009,Sulejów,16329,188.485,51.359533,19.863599
101010,Wola Krzysztoporska,11965,170.675,51.349637,19.583148
101011,Wolbórz,7841,151.659,51.498913,19.832259
101201,Radomsko,45843,51.427,51.063232,19.446852
101202,Dobryszyce,4502,50.816,51.134297,19.425177
101203,Gidle,6062,116.039,50.960776,19.475871
101204,Gomunice,5860,62.446,51.167996,19.496564
101205,Kamieńsk,5877,96.427,51.201344,19.4962
101206,Kobiele Wielkie,4444,101.675,51.028113,19.606575
101207,Kodrąb,4514,105.857,51.088602,19.621655
101208,Lgota Wielka,4278,63.069,51.149574,19.32469
101209,Ładzice,4757,82.774,51.082037,19.327572
101210,Masłowice,4161,116.042,51.096934,19.798519
101211,Przedbórz,7122,190.201,51.085453,19.878913
101212,Radomsko,5582,85.641,51.047581,19.480692
101213,Wielgomłyny,4546,123.155,51.015737,19.77847
101214,Żytno,5096,197.644,50.914083,19.685642
101601,Tomaszów Mazowiecki,61960,41.289,51.530416,20.010879
101602,Będków,3274,57.739,51.588796,19.756959
101603,Budziszewice,2149,30.148,51.676649,19.95853
101604,Czerniewice,5048,128.06,51.664192,20.182037
101605,Inowłódz,3825,97.526,51.527466,20.188847
101606,Lubochnia,7197,131.639,51.593124,20.06784
101607,Rokiciny,6160,90.566,51.667845,19.788211
101608,Rzeczyca,4643,107.873,51.613358,20.311968
101609,Tomaszów Mazowiecki,11224,150.083,51.503776,20.014167
101610,Ujazd,7723,96.736,51.608414,19.928604
101611,Żelechlinek,3316,92.332,51.709269,20.047078
106201,Piotrków Trybunalski,73090,67.237,51.408437,19.677671
100301,Buczek,5093,92.23,51.510354,19.163281
100302,Łask,27654,145.347,51.588632,19.141903
100303,Sędziejowice,6370,119.994,51.524128,19.027077
100304,Widawa,7315,178.451,51.423784,18.954001
100305,Wodzierady,3486,82.277,51.728932,19.125299
100901,Działoszyn,12444,120.893,51.118486,18.873863
100902,Kiełczygłów,3981,87.187,51.239044,18.963002
100903,Nowa Brzeźnica,4558,135.469,51.074809,19.161308
100904,Pajęczno,11510,113.687,51.143249,18.995956
100905,Rząśnia,4939,86.147,51.209262,19.053094
100906,Siemkowice,4773,100.005,51.216874,18.87492
100907,Strzelce Wielkie,4571,78.022,51.136122,19.16387
100908,Sulmierzyce,4444,82.735,51.184095,19.187563
101101,Dalików,3920,114.624,51.888431,19.097889
101102,Pęczniew,3478,127.633,51.799783,18.732836
101103,Poddębice,15505,224.552,51.895637,18.952598
101104,Uniejów,7010,128.794,51.976688,18.794793
101105,Wartkowice,6228,140.139,51.976441,19.011925
101106,Zadzim,4967,145.096,51.788072,18.89846
101401,Sieradz,41953,51.223,51.590167,18.722532
101402,Błaszki,14458,201.366,51.649579,18.442866
101403,Brąszewice,4471,106.616,51.501449,18.457916
101404,Brzeźnio,6384,128.661,51.495324,18.628442
101405,Burzenin,5512,120.468,51.455906,18.815252
101406,Goszczanów,5466,121.681,51.792207,18.510541
101407,Klonowa,2870,94.883,51.425662,18.419185
101408,Sieradz,10706,181.599,51.575469,18.750886
101409,Warta,12636,254.323,51.708277,18.626683
101410,Wróblew,6054,112.943,51.605123,18.59324
101411,Złoczew,7164,117.1,51.414419,18.609385
101701,Biała,5440,73.983,51.26348,18.435144
101702,Czarnożyły,4523,69.888,51.277208,18.558457
101703,Konopnica,3772,83.056,51.362986,18.81465
101704,Mokrsko,5401,77.648,51.168639,18.478449
101705,Osjaków,4738,101.137,51.281591,18.785825
101706,Ostrówek,4481,101.154,51.333163,18.626225
101707,Pątnów,6504,114.623,51.127466,18.627254
101708,Skomlin,3319,55.235,51.170305,18.393728
101709,Wieluń,31456,130.66,51.216103,18.579109
101710,Wierzchlas,6622,118.875,51.182431,18.69173
101801,Bolesławiec,4080,64.464,51.204336,18.206355
101802,Czastary,3975,62.675,51.254241,18.326028
101803,Galewice,6115,135.666,51.354177,18.245383
101804,Lututów,4596,76.17,51.366012,18.44675
101805,Łubnice,4029,60.962,51.166482,18.287065
101806,Sokolniki,5035,80.097,51.305387,18.338083
101807,Wieruszów,14275,97.149,51.297388,18.162396
101901,Zduńska Wola,41686,24.557,51.598521,18.945011
101902,Szadek,7312,151.661,51.692015,18.974867
101903,Zapolice,5184,81.5,51.544022,18.915797
101904,Zduńska Wola,12198,111.458,51.620481,18.932137
100201,Kutno,43911,33.592,52.232343,19.362054
100202,Bedlno,5349,126.028,52.193873,19.597805
100203,Dąbrowice,1902,46.157,52.310668,19.083437
100204,Krośniewice,8343,94.718,52.254407,19.172161
100205,Krzyżanów,4231,103.065,52.183355,19.453219
100206,Kutno,8716,122.311,52.221158,19.327296
100207,Łanięta,2430,54.895,52.345007,19.277782
100208,Nowe Ostrowy,3443,71.536,52.304331,19.18205
100209,Oporów,2495,67.802,52.259093,19.50594
100210,Strzelce,3913,90.083,52.310773,19.411836
100211,Żychlin,11836,76.638,52.239564,19.628142
100401,Łęczyca,13971,8.957,52.058728,19.193066
100402,Daszyna,3878,80.913,52.153187,19.166307
100403,Góra Świętej Małgorzaty,4345,90.245,52.059413,19.305709
100404,Grabów,5892,154.963,52.134202,19.026823
100405,Łęczyca,8554,150.586,52.060225,19.163769
100406,Piątek,5982,133.183,52.07044,19.470572
100407,Świnice Warckie,3888,93.47,52.040733,18.932958
100408,Witonia,3237,60.457,52.147783,19.284375
100501,Łowicz,28224,23.427,52.103092,19.935555
100502,Bielawy,5325,163.914,52.093189,19.625121
100503,Chąśno,2907,71.824,52.194174,19.911471
100504,Domaniewice,4650,86.226,52.015998,19.8164
100505,Kiernozia,3366,76.167,52.267923,19.874617
100506,Kocierzew Południowy,4204,93.699,52.198084,20.023533
100507,Łowicz,7710,133.081,52.094907,19.914311
100508,Łyszkowice,6693,107.314,51.995845,19.939891
100509,Nieborów,9321,103.9,52.064576,20.042551
100510,Zduny,5699,128.568,52.162513,19.791929
101301,Rawa Mazowiecka,17324,14.289,51.765502,20.253787
101302,Biała Rawska,11285,208.298,51.809517,20.471942
101303,Cielądz,3965,92.964,51.698484,20.343453
101304,Rawa Mazowiecka,8788,163.231,51.783587,20.237064
101305,Regnów,1818,46.373,51.737871,20.405767
101306,Sadkowice,5412,121.14,51.705799,20.556409
101501,Bolimów,4021,111.741,52.09517,20.171805
101502,Głuchów,5724,110.765,51.794357,20.087084
101503,Godzianów,2644,44.072,51.893961,20.042081
101504,Kowiesy,2909,85.794,51.900165,20.417948
101505,Lipce Reymontowskie,3301,42.871,51.903203,19.944351
101506,Maków,5983,81.527,51.950697,20.046687
101507,Nowy Kawęczyn,3370,104.217,51.884595,20.244506
101508,Skierniewice,7609,131.275,51.986162,20.141471
101509,Słupia,2613,41.092,51.864213,19.940832
106301,Skierniewice,48089,34.609,51.964698,20.149353
260401,Bieliny,10299,88.241,50.841562,20.951066
260402,Bodzentyn,11479,159.742,50.942573,20.928985
260403,Chęciny,15111,127.424,50.791969,20.460124
260404,Chmielnik,11264,142.19,50.61498,20.744673
260405,Daleszyce,15865,222.372,50.800662,20.782096
260406,Górno,14559,83.19,50.862017,20.803645
260407,Łagów,6880,113.216,50.772859,21.08055
260408,Łopuszno,8984,176.992,50.93669,20.260969
260409,Masłów,11063,85.507,50.902636,20.721727
260410,Miedziana Góra,11632,71.121,50.941426,20.561262
260411,Mniów,9346,95.272,51.01207,20.457521
260412,Morawica,16756,140.36,50.757276,20.616662
260413,Nowa Słupia,9471,85.76,50.883168,21.082538
260414,Piekoszów,16489,102.951,50.878057,20.451736
260415,Pierzchnica,4700,104.69,50.691833,20.760132
260416,Raków,5595,190.566,50.681278,21.044279
260417,Sitkówka-Nowiny,7910,45.603,50.822718,20.534735
260418,Strawczyn,10874,85.876,50.941179,20.433556
260419,Zagnańsk,12982,124.884,50.977148,20.659148
260501,Fałków,4393,132.365,51.130624,20.076895
260502,Gowarczów,4583,100.918,51.275676,20.429607
260503,Końskie,35112,250.183,51.191338,20.406531
260504,Radoszyce,8891,146.638,51.070758,20.257774
260505,Ruda Maleniecka,3069,110.064,51.146309,20.209128
260506,Słupia Konecka,3319,105.765,51.018506,20.131549
260507,Smyków,3792,62.093,51.061182,20.408791
260508,Stąporków,16699,231.654,51.139372,20.568579
260701,Ostrowiec Świętokrzyski,68338,46.421,50.946715,21.392906
260702,Bałtów,3410,105.032,51.015624,21.573411
260703,Bodzechów,13326,122.193,50.91829,21.412424
260704,Ćmielów,7330,117.922,50.893655,21.513778
260705,Kunów,9779,113.512,50.963505,21.292862
260706,Waśniów,6781,111.632,50.87982,21.21062
261001,Skarżysko-Kamienna,44848,64.391,51.117106,20.868963
261002,Bliżyn,8037,141.211,51.113584,20.733992
261003,Łączna,5008,61.646,50.989107,20.791119
261004,Skarżysko Kościelne,5988,53.229,51.135435,20.929835
261005,Suchedniów,10110,74.957,51.045671,20.839018
261101,Starachowice,48395,31.826,51.04728,21.079343
261102,Brody,10870,161.249,51.017938,21.172391
261103,Mirzec,8260,111.104,51.136673,21.063249
261104,Pawłów,15240,137.353,50.955137,21.092968
261105,Wąchock,6811,81.87,51.06877,21.010604
266101,Kielce,194852,109.664,50.878285,20.632722
260101,Busko-Zdrój,32189,235.506,50.470268,20.720409
260102,Gnojno,4351,96.302,50.586488,20.854627
260103,Nowy Korczyn,5916,116.689,50.311183,20.81093
260104,Pacanów,7322,124.621,50.38386,21.035976
260105,Solec-Zdrój,5036,85.052,50.373468,20.901202
260106,Stopnica,7589,125.905,50.443294,20.932913
260107,Tuczępy,3740,83.484,50.513408,21.010926
260108,Wiślica,5453,100.315,50.367349,20.676505
260201,Imielno,4338,100.964,50.583342,20.447321
260202,Jędrzejów,27898,226.677,50.643497,20.290212
260203,Małogoszcz,11536,146.055,50.808633,20.261264
260204,Nagłowice,4915,117.279,50.650464,20.121733
260205,Oksa,4574,90.661,50.743893,20.147195
260206,Sędziszów,12413,145.629,50.56006,20.051764
260207,Słupia,4290,108.365,50.59859,19.962023
260208,Sobków,8466,144.299,50.703816,20.438125
260209,Wodzisław,6949,176.873,50.52534,20.219393
260301,Bejsce,3997,57.456,50.233692,20.598457
260302,Czarnocin,3758,69.587,50.327734,20.54462
260303,Kazimierza Wielka,16118,140.583,50.265439,20.486058
260304,Opatowiec,3283,68.584,50.268213,20.678412
260305,Skalbmierz,6463,85.952,50.315411,20.406515
260601,Baćkowice,4868,96.11,50.789544,21.223006
260602,Iwaniska,6616,104.904,50.725406,21.288353
260603,Lipnik,5206,81.452,50.737011,21.465019
260604,Opatów,11663,113.526,50.80132,21.423708
260605,Ożarów,10662,183.261,50.886117,21.661763
260606,Sadowie,3929,81.798,50.849256,21.362731
260607,Tarłów,5139,163.351,51.001267,21.714914
260608,Wojciechowice,4006,86.481,50.832096,21.594259
260801,Działoszyce,4900,105.758,50.37414,20.353343
260802,Kije,4373,100.178,50.611934,20.608913
260803,Michałów,4564,112.103,50.489512,20.416992
260804,Pińczów,20626,212.847,50.51564,20.534777
260805,Złota,4463,82.011,50.393912,20.576938
260901,Sandomierz,23362,28.697,50.681734,21.738243
260902,Dwikozy,8709,84.654,50.735182,21.79395
260903,Klimontów,7994,99.777,50.656105,21.449743
260904,Koprzywnica,6634,69.332,50.594483,21.578371
260905,Łoniów,7451,86.851,50.556971,21.52636
260906,Obrazów,6375,71.564,50.695397,21.624558
260907,Samborzec,8420,85.233,50.663047,21.677382
260908,Wilczyce,3687,69.558,50.749755,21.647987
260909,Zawichost,4385,80.217,50.808694,21.843276
261201,Bogoria,7692,122.817,50.652289,21.281173
261202,Łubnice,4102,84.123,50.404039,21.171765
261203,Oleśnica,3880,53.454,50.454647,21.066176
261204,Osiek,7689,129.265,50.514016,21.427008
261205,Połaniec,11764,75.034,50.426452,21.282859
261206,Rytwiany,6371,125.849,50.529557,21.196956
261207,Staszów,25599,226.466,50.563541,21.173888
261208,Szydłów,4679,108.002,50.595442,20.999642
261301,Kluczewsko,5197,136.853,50.952266,19.91921
261302,Krasocin,10620,192.696,50.883663,20.147249
261303,Moskorzew,2640,72.862,50.654058,19.945347
261304,Radków,2499,88.133,50.70876,19.985974
261305,Secemin,4811,161.241,50.767784,19.839232
261306,Włoszczowa,19292,254.624,50.847304,19.970178
060101,Międzyrzec Podlaski,16753,20.034,51.987169,22.786291
060102,Terespol,5560,10.135,52.072555,23.612
060103,Biała Podlaska,14423,325.408,52.056371,23.10338
060104,Drelów,5367,228.099,51.914142,22.863749
060105,Janów Podlaski,5285,135.748,52.195741,23.209214
060106,Kodeń,3524,151.08,51.91944,23.599627
060107,Konstantynów,4110,86.925,52.204669,23.094521
060108,Leśna Podlaska,4287,98.206,52.130707,23.031013
060109,Łomazy,4906,198.57,51.904561,23.182995
060110,Międzyrzec Podlaski,10467,260.933,51.997831,22.749238
060111,Piszczac,7188,170.142,51.977056,23.378003
060112,Rokitno,2972,140.882,52.129472,23.309513
060113,Rossosz,2193,76.453,51.853963,23.129011
060114,Sławatycze,2293,71.902,51.771435,23.559354
060115,Sosnówka,2409,148.38,51.751102,23.331139
060116,Terespol,6700,141.433,52.038539,23.538251
060117,Tuczna,3004,169.576,51.873637,23.422801
060118,Wisznice,4926,173.21,51.783174,23.203661
060119,Zalesie,4405,147.13,52.049053,23.408645
061301,Dębowa Kłoda,3920,188.4,51.601133,23.04632
061302,Jabłoń,3874,110.331,51.710582,23.086647
061303,Milanów,3762,116.714,51.716927,22.903968
061304,Parczew,14445,146.81,51.639655,22.905609
061305,Podedwórze,1615,107.097,51.680068,23.222422
061306,Siemień,4516,111.199,51.624256,22.770885
061307,Sosnowica,2579,171.598,51.49503,23.088009
061501,Radzyń Podlaski,15656,19.305,51.779207,22.614488
061502,Borki,6003,111.725,51.729796,22.495333
061503,Czemierniki,4310,107.492,51.675776,22.640727
061504,Kąkolewnica,8024,147.517,51.911867,22.671468
061505,Komarówka Podlaska,4185,137.97,51.808011,22.947632
061506,Radzyń Podlaski,8072,155.098,51.798213,22.617644
061507,Ulan-Majorat,6000,107.777,51.828832,22.458915
061508,Wohyń,6608,178.163,51.764343,22.769483
061901,Włodawa,13066,17.975,51.54609,23.546904
061902,Hanna,2844,139.346,51.696272,23.465458
061903,Hańsk,3697,179.948,51.418166,23.427027
061904,Stary Brus,2097,131.586,51.479145,23.292992
061905,Urszulin,4146,172.103,51.397109,23.198305
061906,Włodawa,6089,244.665,51.579368,23.524168
061907,Wola Uhruska,3848,150.732,51.320249,23.617129
061908,Wyryki,2566,220.146,51.566976,23.366179
066101,Biała Podlaska,57170,49.432,52.031885,23.119946
060201,Biłgoraj,26329,21.08,50.536569,22.721311
060202,Aleksandrów,3281,54.26,50.465474,22.888049
060203,Biłgoraj,13355,262.576,50.534221,22.671758
060204,Biszcza,3764,106.287,50.414592,22.624601
060205,Frampol,6095,107.662,50.669478,22.682742
060206,Goraj,4097,67.878,50.720861,22.676734
060207,Józefów,6733,126.443,50.484258,23.067272
060208,Księżpol,6888,141.283,50.428824,22.75128
060209,Łukowa,4231,148.71,50.382076,22.914776
060210,Obsza,4233,113.242,50.326119,22.969566
060211,Potok Górny,5351,111.125,50.393079,22.511552
060212,Tarnogród,6655,114.241,50.354874,22.742503
060213,Tereszpol,3878,144.047,50.574523,22.898832
060214,Turobin,6029,162.134,50.818299,22.746324
060301,Rejowiec Fabryczny,4386,14.275,51.120642,23.251148
060302,Białopole,2886,103.612,50.973051,23.755367
060303,Chełm,15023,221.802,51.129537,23.4336
060304,Dorohusk,6387,192.564,51.168031,23.756706
060305,Dubienka,2315,96.189,51.045914,23.88466
060306,Kamień,4167,96.791,51.097578,23.593551
060307,Leśniowice,3583,117.692,51.001529,23.503178
060308,Rejowiec Fabryczny,4227,87.729,51.132922,23.148787
060309,Ruda-Huta,4502,112.263,51.235688,23.594854
060310,Sawin,5470,190.357,51.274942,23.44059
060311,Siedliszcze,6836,154.168,51.184051,23.126969
060312,Wierzbica,5060,145.666,51.266614,23.300004
060313,Wojsławice,3745,110.444,50.917613,23.551455
060314,Żmudź,3055,136.096,51.023235,23.669787
060315,Rejowiec,6372,106.221,51.09749,23.28655
060401,Hrubieszów,17528,33.03,50.802576,23.895736
060402,Dołhobyczów,5353,214.728,50.564102,24.018137
060403,Horodło,5102,130.448,50.877264,24.020387
060404,Hrubieszów,9980,259.23,50.818695,23.908207
060405,Mircze,7007,234.883,50.637018,23.927213
060406,Trzeszczany,4091,90.28,50.828789,23.767186
060407,Uchanie,4514,120.662,50.893991,23.672551
060408,Werbkowice,9272,187.157,50.751575,23.762349
060601,Krasnystaw,18630,42.12,50.986529,23.162661
060602,Fajsławice,4570,70.651,51.088446,22.958939
060603,Gorzków,3429,96.633,50.949026,22.994646
060604,Izbica,8124,138.299,50.895076,23.159222
060605,Krasnystaw,8529,150.79,51.016208,23.186361
060606,Kraśniczyn,3639,110.104,50.931194,23.371453
060607,Łopiennik Górny,3893,106.212,51.046863,23.051832
060609,Rudnik,3009,88.503,50.863253,22.95603
060610,Siennica Różana,4110,98.402,51.004888,23.337687
060611,Żółkiewka,5325,129.668,50.903251,22.840794
061801,Tomaszów Lubelski,19035,13.29,50.448697,23.413436
061802,Bełżec,3315,33.525,50.380749,23.432113
061803,Jarczów,3371,106.641,50.437979,23.601028
061804,Krynice,3217,73.58,50.57776,23.40658
061805,Lubycza Królewska,6169,208.063,50.342418,23.550348
061806,Łaszczów,5973,128.301,50.530599,23.714041
061807,Rachanie,5068,94.306,50.547617,23.574785
061808,Susiec,7432,190.701,50.439216,23.212773
061809,Tarnawatka,3894,82.848,50.523207,23.397445
061810,Telatyn,3901,109.654,50.534272,23.867305
061811,Tomaszów Lubelski,11358,170.888,50.446382,23.406089
061812,Tyszowce,5509,128.305,50.61614,23.69723
061813,Ulhówek,4520,146.63,50.443189,23.797812
062001,Adamów,4646,110.659,50.59387,23.195547
062002,Grabowiec,3949,128.473,50.823348,23.548343
062003,Komarów-Osada,4939,123.78,50.63065,23.489303
062004,Krasnobród,7097,126.899,50.541888,23.21907
062005,Łabunie,6235,87.315,50.65805,23.361944
062006,Miączyn,5726,156.058,50.736403,23.531724
062007,Nielisz,5427,112.273,50.806557,23.067987
062008,Radecznica,5644,109.987,50.715983,22.837051
062009,Sitno,6708,111.751,50.73534,23.374805
062010,Skierbieszów,5121,139.218,50.8453,23.3597
062011,Stary Zamość,5163,97.491,50.822446,23.195947
062012,Sułów,4479,93.271,50.748196,22.97356
062013,Szczebrzeszyn,11139,123.501,50.703653,22.999269
062014,Zamość,23155,196.125,50.704861,23.220201
062015,Zwierzyniec,6694,153.515,50.614568,22.968711
066201,Chełm,61932,35.265,51.130668,23.477216
066401,Zamość,63437,30.336,50.719912,23.26543
060801,Lubartów,21828,13.924,51.457837,22.608691
060802,Abramów,4039,84.494,51.466966,22.284716
060803,Firlej,5885,126.456,51.565429,22.505103
060804,Jeziorzany,2773,66.457,51.614351,22.274488
060805,Kamionka,6485,111.422,51.463155,22.460791
060806,Kock,6349,101.066,51.642089,22.439725
060807,Lubartów,11812,158.986,51.4461,22.627012
060808,Michów,5849,136.054,51.524668,22.322275
060809,Niedźwiada,6183,95.769,51.516133,22.699117
060810,Ostrów Lubelski,5244,121.585,51.492037,22.851882
060811,Ostrówek,3829,89.802,51.577967,22.602157
060812,Serniki,4914,75.585,51.435031,22.717475
060813,Uścimów,3162,107.082,51.474868,22.938425
060901,Bełżyce,13256,133.954,51.175413,22.28634
060902,Borzechów,3760,67.481,51.071126,22.267512
060903,Bychawa,11595,146.439,51.013515,22.533517
060904,Garbów,9064,102.599,51.360049,22.323534
060905,Głusk,11557,64.274,51.176574,22.611481
060906,Jabłonna,8054,131.195,51.083317,22.61209
060907,Jastków,14185,113.135,51.290915,22.454736
060908,Konopnica,14083,93.073,51.225986,22.437905
060909,Krzczonów,4369,127.975,50.999824,22.702317
060910,Niedrzwica Duża,11917,106.714,51.116109,22.390581
060911,Niemce,19814,141.103,51.328811,22.580175
060912,Strzyżewice,8110,108.803,51.085044,22.477501
060913,Wojciechów,5974,80.769,51.235469,22.253789
060914,Wólka,12547,72.747,51.275231,22.662206
060915,Wysokie,4392,113.948,50.916086,22.679765
060916,Zakrzew,2889,75.383,50.897491,22.569595
061001,Cyców,7912,148.082,51.302241,23.132746
061002,Ludwin,5641,122.175,51.359496,22.944411
061003,Łęczna,23244,75.139,51.296544,22.887137
061004,Milejów,9085,116.533,51.222679,22.927284
061005,Puchaczów,5693,91.519,51.296928,22.985786
061006,Spiczyn,5756,83.142,51.34681,22.749596
061701,Świdnik,39136,20.34,51.216659,22.700408
061702,Mełgiew,9928,94.852,51.220541,22.7355
061703,Piaski,10530,169.839,51.137807,22.831307
061704,Rybczewice,3362,99.137,51.024158,22.85622
061705,Trawniki,8884,84.176,51.142238,22.988847
066301,Lublin,339784,147.437,51.242153,22.550654
060501,Batorz,3264,70.841,50.8529,22.460823
060502,Chrzanów,2921,71.821,50.774135,22.603949
060503,Dzwola,6241,200.383,50.689035,22.574097
060504,Godziszów,5801,101.467,50.762553,22.485789
060505,Janów Lubelski,15874,178.695,50.706479,22.418262
060506,Modliborzyce,6957,152.621,50.760646,22.334028
060507,Potok Wielki,4651,99.445,50.782382,22.222703
060701,Kraśnik,34230,26.101,50.956519,22.171109
060702,Annopol,8596,151.152,50.885429,21.863003
060703,Dzierzkowice,5274,87.282,50.954035,22.117009
060704,Gościeradów,7209,159.287,50.867848,22.004474
060705,Kraśnik,7323,104.667,50.906239,22.255697
060706,Szastarka,5758,73.31,50.842852,22.345553
060707,Trzydnik Duży,6406,104.11,50.859585,22.152338
060708,Urzędów,8582,118.53,51.002341,22.146018
060709,Wilkołaz,5527,81.705,50.993074,22.319961
060710,Zakrzówek,6443,99.173,50.938934,22.390228
061101,Łuków,29728,35.746,51.929498,22.378017
061102,Stoczek Łukowski,2500,9.146,51.959672,21.969181
061103,Adamów,5594,98.68,51.734329,22.25036
061104,Krzywda,10451,160.965,51.792475,22.126152
061105,Łuków,18230,307.56,51.952557,22.365443
061106,Serokomla,3940,77.339,51.690541,22.317877
061107,Stanin,9729,160.81,51.890771,22.186142
061108,Stoczek Łukowski,7793,173.45,51.94822,22.023072
061109,Trzebieszów,7352,140.528,51.986474,22.515335
061110,Wojcieszków,6850,108.934,51.795272,22.324251
061111,Wola Mysłowska,4649,121.078,51.852399,21.986203
061201,Chodel,6565,108.378,51.106071,22.138702
061202,Józefów nad Wisłą,6515,141.555,51.030375,21.881216
061203,Karczmiska,5570,95.082,51.236491,22.003163
061204,Łaziska,4896,109.263,51.147158,21.842665
061205,Opole Lubelskie,17108,193.767,51.144203,21.972935
061206,Poniatowa,14149,84.537,51.190768,22.071259
061207,Wilków,4405,77.932,51.250652,21.882768
061401,Puławy,47417,50.491,51.41857,21.970402
061402,Baranów,3886,84.914,51.552979,22.142387
061403,Janowiec,3668,78.809,51.333341,21.892474
061404,Kazimierz Dolny,6639,72.426,51.333851,21.981974
061405,Końskowola,8813,89.871,51.408899,22.062262
061406,Kurów,7649,101.092,51.388416,22.183482
061407,Markuszów,2965,40.388,51.372979,22.257522
061408,Nałęczów,8962,62.931,51.294141,22.218613
061409,Puławy,12126,161.182,51.443919,21.909171
061410,Wąwolnica,4621,62.406,51.298864,22.13953
061411,Żyrzyn,6427,129.235,51.499467,22.072928
061601,Dęblin,16058,38.348,51.561403,21.852179
061602,Kłoczew,7142,143.035,51.728998,21.977434
061603,Nowodwór,4072,71.912,51.661009,22.100707
061604,Ryki,20386,161.724,51.621455,21.931782
061605,Stężyca,5140,116.041,51.594649,21.769631
061606,Ułęż,3190,83.405,51.592445,22.095281
180103,Czarna,2389,184.78,49.322812,22.65833
180105,Lutowiska,2060,475.579,49.239278,22.675275
180108,Ustrzyki Dolne,17215,478.605,49.434164,22.581417
180201,Brzozów,26599,103.057,49.693761,22.031647
180202,Domaradz,6100,56.515,49.78755,21.997491
180203,Dydnia,7914,130.291,49.685516,22.147545
180204,Haczów,9113,71.654,49.666173,21.924309
180205,Jasienica Rosielna,7845,57.07,49.745435,21.958972
180206,Nozdrzec,7996,120.756,49.772,22.142552
180501,Jasło,34882,36.52,49.743316,21.464945
180502,Brzyska,6530,44.856,49.812967,21.388025
180503,Dębowiec,8867,86.485,49.666828,21.43844
180504,Jasło,16357,93.055,49.71849,21.433108
180505,Kołaczyce,8929,61.099,49.806202,21.457063
180506,Krempna,1861,203.877,49.506619,21.493893
180507,Nowy Żmigród,9009,103.574,49.606914,21.540227
180508,Osiek Jasielski,5372,60.401,49.625229,21.471585
180509,Skołyszyn,12475,78.498,49.752298,21.339927
180511,Tarnowiec,9168,62.501,49.713895,21.561883
180701,Chorkówka,13464,77.375,49.656959,21.674231
180702,Dukla,14554,235.148,49.561439,21.687918
180703,Iwonicz-Zdrój,10886,45.504,49.573753,21.782017
180704,Jedlicze,15432,58.58,49.714733,21.652165
180705,Korczyna,11207,93.058,49.717554,21.815983
180706,Krościenko Wyżne,5613,16.305,49.674572,21.827155
180707,Miejsce Piastowe,13691,51.306,49.636945,21.785919
180708,Rymanów,15922,166.62,49.572428,21.863698
180709,Wojaszówka,9329,83.37,49.75999,21.706499
180710,Jaśliska,2185,165.924,49.444548,21.813743
181701,Sanok,37359,38.158,49.56081,22.202347
181702,Besko,4508,27.484,49.591089,21.957294
181703,Bukowsko,5495,136.836,49.488781,22.055927
181704,Komańcza,4541,387.8,49.356676,22.105688
181705,Sanok,18086,231.479,49.575117,22.162213
181706,Tyrawa Wołoska,1978,69.233,49.581513,22.355688
181707,Zagórz,13126,160.054,49.495804,22.248699
181708,Zarszyn,9292,105.403,49.577133,22.029826
182101,Baligród,3161,158.204,49.342893,22.285741
182102,Cisna,1740,287.298,49.202267,22.354941
182103,Lesko,11319,111.388,49.468018,22.335404
182104,Olszanica,4894,93.548,49.470113,22.428785
182105,Solina,5327,184.515,49.375419,22.41638
186101,Krosno,46291,43.49,49.688967,21.763311
180401,Jarosław,37479,34.612,50.0158,22.680689
180402,Radymno,5273,13.625,49.945167,22.825533
180403,Chłopice,5535,49.225,49.940345,22.689575
180404,Jarosław,13213,113.478,50.007456,22.740487
180405,Laszki,6922,137.999,50.017497,22.890431
180406,Pawłosiów,8450,47.42,50.003949,22.637596
180407,Pruchnik,9681,80.314,49.900457,22.500321
180408,Radymno,11395,182.2,49.943931,22.868708
180409,Rokietnica,4349,57.06,49.89697,22.638759
180410,Roźwienica,6235,68.74,49.932173,22.586292
180411,Wiązownica,11715,244.214,50.072672,22.741724
180901,Lubaczów,11970,25.746,50.158933,23.119735
180902,Cieszanów,7141,219.42,50.245249,23.123024
180903,Horyniec-Zdrój,4659,203.137,50.197196,23.360977
180904,Lubaczów,9187,202.857,50.145836,23.176922
180905,Narol,7967,203.471,50.339144,23.290298
180906,Oleszyce,6332,151.822,50.16336,23.03689
180907,Stary Dzików,4143,155.725,50.248476,22.91127
180908,Wielkie Oczy,3818,146.2,50.048719,23.136509
181301,Bircza,6539,254.033,49.690597,22.462583
181302,Dubiecko,9143,154.264,49.82859,22.389697
181303,Fredropol,5497,159.636,49.674934,22.732288
181304,Krasiczyn,5144,124.345,49.771255,22.67914
181305,Krzywcza,4820,94.977,49.806877,22.520777
181306,Medyka,6542,60.61,49.804616,22.922786
181307,Orły,8894,70.471,49.883062,22.799373
181308,Przemyśl,10650,108.445,49.800593,22.713111
181309,Stubno,3864,88.715,49.901766,22.971198
181310,Żurawica,12968,95.812,49.826303,22.805858
181401,Przeworsk,15291,22.129,50.061219,22.496086
181402,Adamówka,4057,134.312,50.258021,22.703707
181403,Gać,4627,35.971,50.027123,22.400808
181404,Jawornik Polski,4456,62.924,49.902972,22.30202
181405,Kańczuga,12307,105.044,49.976397,22.410975
181406,Przeworsk,14863,90.778,50.054262,22.469919
181407,Sieniawa,7041,127.419,50.177653,22.611749
181408,Tryńcza,8491,70.046,50.124458,22.52921
181409,Zarzecze,7229,49.201,49.990803,22.525542
186201,Przemyśl,60689,46.181,49.786809,22.768597
180601,Cmolas,8093,133.969,50.302572,21.730273
180602,Kolbuszowa,24724,170.842,50.24062,21.775814
180603,Majdan Królewski,9818,155.24,50.378247,21.764519
180604,Niwiska,6091,94.924,50.244701,21.647563
180605,Raniżów,7036,96.657,50.27302,21.979266
180606,Dzikowiec,6484,121.581,50.305612,21.87648
181001,Łańcut,17711,19.428,50.068719,22.228965
181002,Białobrzegi,8725,56.138,50.106931,22.328686
181003,Czarna,11816,78.056,50.108665,22.177097
181004,Łańcut,21921,106.292,50.049552,22.25735
181005,Markowa,6481,68.74,50.013299,22.301447
181006,Rakszawa,7359,66.477,50.161236,22.238678
181007,Żołynia,7036,56.716,50.162808,22.307471
181501,Iwierzyce,7735,65.516,50.025068,21.757654
181502,Ostrów,7358,96.2,50.112646,21.597289
181503,Ropczyce,27487,139.046,50.054206,21.595767
181504,Sędziszów Małopolski,23784,154.029,50.069038,21.693796
181505,Wielopole Skrzyńskie,8151,93.501,49.95435,21.601736
181601,Dynów,6120,24.544,49.816822,22.229361
181602,Błażowa,10833,112.614,49.88408,22.093339
181603,Boguchwała,20766,88.966,49.990184,21.920693
181604,Chmielnik,6945,52.914,49.980085,22.139722
181605,Dynów,6893,119.02,49.833865,22.222718
181606,Głogów Małopolski,19658,143.808,50.147943,21.964333
181607,Hyżne,7062,51.266,49.917708,22.18057
181608,Kamień,6860,73.617,50.321521,22.139396
181609,Krasne,11558,39.098,50.048362,22.100041
181610,Lubenia,6439,54.9,49.929109,21.943258
181611,Sokołów Małopolski,17244,134.194,50.229681,22.130156
181612,Świlcza,16265,108.162,50.083006,21.883034
181613,Trzebownisko,22296,90.275,50.105121,22.054587
181614,Tyczyn,10499,53.711,49.957805,22.037974
181901,Czudec,11808,84.692,49.939727,21.834405
181902,Frysztak,10361,90.64,49.838538,21.594997
181903,Niebylec,10541,104.423,49.851598,21.912354
181904,Strzyżów,20677,140.339,49.870568,21.789009
181905,Wiśniowa,7999,83.378,49.877468,21.664505
186301,Rzeszów,196208,126.622,50.035957,21.996515
180301,Dębica,45504,33.831,50.050606,21.413004
180302,Brzostek,13010,122.322,49.884508,21.419802
180303,Czarna,13137,147.596,50.069249,21.274521
180304,Dębica,25849,137.919,50.090828,21.484531
180305,Jodłowa,5359,59.917,49.879258,21.297531
180306,Pilzno,18250,165.13,49.977381,21.285263
180307,Żyraków,14190,110.365,50.088912,21.387295
180801,Leżajsk,13799,20.598,50.262213,22.415767
180802,Grodzisko Dolne,8026,78.597,50.173586,22.447266
180803,Kuryłówka,5709,141.974,50.303902,22.501217
180804,Leżajsk,20257,198.896,50.232208,22.416919
180805,Nowa Sarzyna,21579,143.817,50.319142,22.335985
181101,Mielec,60323,46.902,50.292889,21.440301
181102,Borowa,5541,55.317,50.391821,21.341712
181103,Czermin,7059,80.208,50.327821,21.31267
181104,Gawłuszowice,2727,34.012,50.407836,21.369621
181105,Mielec,13389,122.691,50.305701,21.411386
181106,Padew Narodowa,5381,71.245,50.438127,21.496594
181107,Przecław,12003,134.197,50.196307,21.483887
181108,Radomyśl Wielki,14292,159.752,50.194462,21.273466
181109,Tuszów Narodowy,8222,89.229,50.367733,21.468897
181110,Wadowice Górne,7723,86.906,50.265739,21.263166
181201,Harasiuki,6074,168.166,50.483435,22.445462
181202,Jarocin,5372,90.798,50.575358,22.301667
181203,Jeżowe,10096,123.92,50.373084,22.1363
181204,Krzeszów,4261,62.209,50.401055,22.354631
181205,Nisko,22358,142.359,50.518945,22.135812
181206,Rudnik nad Sanem,10173,78.694,50.446573,22.24463
181207,Ulanów,8255,119.44,50.488732,22.288753
181801,Stalowa Wola,60466,82.525,50.572318,22.061496
181802,Bojanów,7602,179.404,50.44285,21.981176
181803,Pysznica,11194,146.646,50.575892,22.131571
181804,Radomyśl nad Sanem,7311,133.9,50.69029,21.966222
181805,Zaklików,8516,202.138,50.739263,22.092223
181806,Zaleszany,10948,87.178,50.629921,21.951094
182001,Baranów Sandomierski,11852,121.556,50.474372,21.5733
182002,Gorzyce,13102,68.886,50.658704,21.844167
182003,Grębów,9984,187.177,50.564452,21.848195
182004,Nowa Dęba,18027,143.419,50.421912,21.748553
186401,Tarnobrzeg,46745,85.405,50.573182,21.67923
200201,Choroszcz,15528,163.818,53.139851,23.020004
200202,Czarna Białostocka,11314,206.386,53.30072,23.284323
200203,Dobrzyniewo Duże,9423,161.12,53.199509,23.033455
200204,Gródek,5141,429.76,53.096164,23.669172
200205,Juchnowiec Kościelny,16572,171.77,53.085592,23.12113
200206,Łapy,21848,127.65,52.990876,22.882284
200207,Michałowo,6565,409.982,53.032089,23.612326
200208,Poświętne,3364,114.568,52.908197,22.819386
200209,Supraśl,15676,188.556,53.164654,23.28872
200210,Suraż,1967,76.604,52.945106,22.971443
200211,Turośń Kościelna,6411,139.894,53.053591,23.045338
200212,Tykocin,6194,207.345,53.200599,22.778119
200213,Wasilków,17560,127.123,53.203422,23.203608
200214,Zabłudów,9331,339.778,53.01973,23.32097
200215,Zawady,2717,112.181,53.167897,22.597931
201101,Dąbrowa Białostocka,11336,263.829,53.649664,23.354381
201102,Janów,4098,207.856,53.457674,23.239686
201103,Korycin,3202,117.28,53.439087,23.122214
201104,Krynki,3037,166.015,53.264385,23.771691
201105,Kuźnica,3927,133.358,53.50759,23.647947
201106,Nowy Dwór,2618,121.13,53.643894,23.527729
201107,Sidra,3407,174.092,53.538503,23.434426
201108,Sokółka,25352,313.563,53.405753,23.498546
201109,Suchowola,6869,255.656,53.576439,23.114022
201110,Szudziałowo,2840,301.608,53.308809,23.647499
206101,Białystok,297554,102.107,53.133719,23.134349
200301,Bielsk Podlaski,25262,27.02,52.771128,23.192098
200302,Brańsk,3753,32.425,52.746018,22.841384
200303,Bielsk Podlaski,6606,429.903,52.784454,23.170177
200304,Boćki,4185,231.882,52.648234,23.045146
200305,Brańsk,5630,227.431,52.737363,22.813731
200306,Orla,2702,159.907,52.697839,23.318843
200307,Rudka,1868,70.28,52.721155,22.727127
200308,Wyszki,4347,206.232,52.861284,22.995534
200501,Hajnówka,20488,21.29,52.739945,23.585526
200502,Białowieża,2191,203.118,52.70148,23.857747
200503,Czeremcha,3115,96.825,52.514228,23.348588
200504,Czyże,1960,134.508,52.794501,23.422979
200505,Dubicze Cerkiewne,1484,151.441,52.652229,23.443038
200506,Hajnówka,3843,292.917,52.756662,23.594794
200507,Kleszczele,2466,142.873,52.574888,23.322693
200508,Narew,3454,241.535,52.906333,23.529125
200509,Narewka,3609,339.041,52.839167,23.723208
200601,Kolno,10199,25.08,53.412106,21.931685
200602,Grabowo,3399,128.605,53.465702,22.153218
200603,Kolno,8525,282.24,53.426375,21.947472
200604,Mały Płock,4739,139.834,53.300109,22.016176
200605,Stawiski,6085,165.575,53.37944,22.152545
200606,Turośl,5110,198.796,53.39968,21.722145
200701,Jedwabne,5299,159.201,53.287458,22.312396
200702,Łomża,11162,206.96,53.140344,22.07271
200703,Miastkowo,4218,114.842,53.142203,21.791533
200704,Nowogród,4028,101.214,53.224821,21.882755
200705,Piątnica,10702,219.071,53.20127,22.129616
200706,Przytuły,2073,71.137,53.377081,22.305516
200707,Śniadowo,5312,162.981,53.053619,21.984707
200708,Wizna,3957,133.374,53.193903,22.373052
200709,Zbójna,4192,185.793,53.256414,21.780741
201001,Siemiatycze,14391,36.244,52.426622,22.870087
201002,Drohiczyn,6222,207.88,52.413648,22.652338
201003,Dziadkowice,2724,116.088,52.570492,22.914619
201004,Grodzisk,4169,203.069,52.588491,22.7384
201005,Mielnik,2319,196.386,52.34437,23.058535
201006,Milejczyce,1710,151.448,52.521395,23.127101
201007,Nurzec-Stacja,3793,214.88,52.457695,23.102443
201008,Perlejewo,2778,106.607,52.568731,22.564717
201009,Siemiatycze,6087,226.838,52.446058,22.878332
201301,Wysokie Mazowieckie,9341,15.244,52.918061,22.509143
201302,Ciechanowiec,8577,201.194,52.677012,22.504529
201303,Czyżew,6352,130.4,52.803155,22.324207
201304,Klukowo,4346,123.843,52.756935,22.543513
201305,Kobylin-Borzymy,3197,119.436,53.087366,22.663384
201306,Kulesze Kościelne,3072,115.287,53.009351,22.524276
201307,Nowe Piekuty,3861,109.694,52.877438,22.684328
201308,Sokoły,5743,155.732,53.000804,22.713176
201309,Szepietowo,6890,151.741,52.862485,22.550064
201310,Wysokie Mazowieckie,5481,166.321,52.926971,22.474904
201401,Zambrów,22018,19.03,52.981602,22.248469
201402,Kołaki Kościelne,2289,73.653,53.022204,22.36252
201403,Rutki,5514,199.995,53.114485,22.427188
201404,Szumowo,4809,141.075,52.910512,22.098997
201405,Zambrów,8875,299.362,52.969648,22.25544
206201,Łomża,62945,32.66,53.166128,22.072912
200101,Augustów,30153,80.878,53.841797,22.983797
200102,Augustów,6759,266.627,53.864865,22.880655
200103,Bargłów Kościelny,5496,187.808,53.752676,22.815954
200104,Lipsk,5059,184.533,53.734699,23.406693
200105,Nowinka,2953,204.094,53.940433,22.972289
200106,Płaska,2583,372.746,53.905177,23.301484
200107,Sztabin,5065,362.74,53.715404,23.060476
200401,Grajewo,21900,18.926,53.645077,22.462188
200402,Grajewo,5789,308.282,53.589026,22.474105
200403,Radziłów,4722,199.552,53.41969,22.418867
200404,Rajgród,5176,207.137,53.708273,22.658093
200405,Szczuczyn,6026,115.568,53.563611,22.28467
200406,Wąsosz,3597,118.001,53.510598,22.318435
200801,Goniądz,4932,376.594,53.486221,22.731448
200802,Jasionówka,2765,96.781,53.394937,23.033764
200803,Jaświły,4847,175.529,53.509351,22.960253
200804,Knyszyn,4750,127.217,53.317782,22.917086
200805,Krypno,3973,112.312,53.277402,22.846536
200806,Mońki,14874,161.562,53.406163,22.803831
200807,Trzcianne,4271,331.849,53.32492,22.667418
200901,Sejny,5260,4.49,54.104328,23.347073
200902,Giby,2694,323.268,54.028933,23.333152
200903,Krasnopol,3792,171.471,54.104499,23.180667
200904,Puńsk,4161,138.659,54.246558,23.184166
200905,Sejny,4007,217.428,54.112034,23.366427
201201,Bakałarzewo,3104,122.569,54.092389,22.667984
201202,Filipów,4292,150.812,54.180872,22.625781
201203,Jeleniewo,3149,131.394,54.205829,22.91006
201204,Przerośl,2919,123.602,54.246596,22.670858
201205,Raczki,5907,142.228,53.990491,22.783635
201206,Rutka-Tartak,2322,103.5,54.321831,22.964522
201207,Suwałki,7739,264.585,54.051768,22.947762
201208,Szypliszki,3901,156.433,54.233894,23.058914
201209,Wiżajny,2341,111.893,54.362616,22.868422
206301,Suwałki,69758,65.505,54.114409,22.936166
146501,Warszawa,1790658,517.187,52.231517,21.007582
140801,Legionowo,53886,13.553,52.397177,20.928208
140802,Jabłonna,19659,64.801,52.386678,20.915572
140803,Nieporęt,14687,96.064,52.411658,21.035875
140804,Serock,15125,110.271,52.504425,21.053562
140805,Wieliszew,15228,106.137,52.441889,20.932461
141201,Mińsk Mazowiecki,40999,13.184,52.179153,21.566275
141204,Cegłów,6087,95.626,52.141548,21.733043
141205,Dębe Wielkie,10518,77.723,52.195194,21.45298
141206,Dobre,5985,124.886,52.315642,21.678635
141207,Halinów,16336,63.083,52.230579,21.347828
141208,Jakubów,5101,86.984,52.22683,21.686354
141209,Kałuszyn,5825,94.407,52.208446,21.814112
141210,Latowicz,5399,114.027,52.02789,21.778443
141211,Mińsk Mazowiecki,15490,112.313,52.167012,21.563039
141212,Mrozy,8712,144.915,52.157778,21.809152
141213,Siennica,7480,110.82,52.090788,21.619319
141214,Stanisławów,6756,106.294,52.284907,21.537533
141215,Sulejówek,19838,19.315,52.245989,21.286828
141701,Józefów,20724,23.924,52.140474,21.226526
141702,Otwock,44635,47.31,52.104243,21.261541
141703,Celestynów,11732,88.91,52.062515,21.384167
141704,Karczew,15899,81.513,52.079184,21.249967
141705,Kołbiel,8230,106.513,52.063063,21.486362
141706,Osieck,3636,67.979,51.966263,21.429602
141707,Sobienie-Jeziory,6388,97.69,51.937029,21.298222
141708,Wiązowna,13108,102.128,52.172545,21.319319
143401,Kobyłka,24414,19.63,52.336308,21.203836
143402,Marki,35461,26.147,52.328724,21.111686
143403,Ząbki,37818,10.977,52.289182,21.116859
143404,Zielonka,17560,79.491,52.307106,21.157039
143405,Dąbrówka,8150,109.138,52.483829,21.272529
143406,Jadów,7462,116.54,52.485604,21.619621
143407,Klembów,9968,85.713,52.398474,21.339829
143408,Poświętne,6249,104.011,52.330534,21.415858
143409,Radzymin,27504,129.53,52.411933,21.178905
143410,Strachówka,2720,107.752,52.422194,21.625947
143411,Tłuszcz,20109,103.042,52.427372,21.435314
143412,Wołomin,51884,61.65,52.347475,21.248854
140501,Milanówek,16416,13.43,52.124132,20.6681
140502,Podkowa Leśna,3844,10.105,52.121815,20.728026
140503,Baranów,5340,75.345,52.168932,20.485578
140504,Grodzisk Mazowiecki,48907,107.417,52.105751,20.627524
140505,Jaktorów,12471,55.291,52.073409,20.520703
140506,Żabia Wola,8985,105.411,52.024165,20.661138
141401,Nowy Dwór Mazowiecki,28679,28.205,52.426997,20.718928
141402,Czosnów,9991,128.451,52.385774,20.722416
141403,Leoncin,5620,157.96,52.394257,20.539995
141404,Nasielsk,19965,205.758,52.586577,20.799436
141405,Pomiechówek,9090,102.669,52.471083,20.727577
141406,Zakroczym,6033,71.701,52.441738,20.60771
141801,Góra Kalwaria,27063,144.106,51.986341,21.200973
141802,Konstancin-Jeziorna,24726,78.568,52.089671,21.119322
141803,Lesznowola,28500,69.304,52.087209,20.993116
141804,Piaseczno,85226,128.235,52.075541,21.02264
141805,Prażmów,11199,86.503,51.976542,21.034848
141806,Tarczyn,11567,114.262,51.981004,20.839372
142101,Piastów,22679,5.764,52.188265,20.842736
142102,Pruszków,62317,19.192,52.161959,20.80102
142103,Brwinów,26718,69.313,52.141457,20.72859
142104,Michałowice,18321,34.744,52.157422,20.826229
142105,Nadarzyn,14032,73.448,52.090837,20.80164
142106,Raszyn,21845,43.91,52.154288,20.928121
143201,Błonie,21565,85.569,52.194129,20.61097
143202,Izabelin,10572,65.007,52.29502,20.815216
143203,Kampinos,4347,84.597,52.262765,20.446138
143204,Leszno,10207,125.064,52.258781,20.595969
143205,Łomianki,27203,38.871,52.341269,20.8828
143206,Ożarów Mazowiecki,25440,71.262,52.209411,20.788399
143207,Stare Babice,19279,63.421,52.25479,20.8395
140201,Ciechanów,44138,32.773,52.880261,20.616863
140202,Ciechanów,7117,140.53,52.888603,20.566202
140203,Glinojeck,7832,153.84,52.814547,20.295766
140204,Gołymin-Ośrodek,3752,110.699,52.817704,20.837749
140205,Grudusk,3586,96.75,53.052763,20.626599
140206,Ojrzeń,4291,120.247,52.776842,20.537288
140207,Opinogóra Górna,5963,139.05,52.895511,20.688739
140208,Regimin,4989,111.182,52.946642,20.573286
140209,Sońsk,7755,154.718,52.75869,20.704626
141301,Mława,31246,34.789,53.115676,20.374896
141302,Dzierzgowo,3051,150.615,53.145843,20.655114
141303,Lipowiec Kościelny,4781,114.476,53.106696,20.230713
141304,Radzanów,3270,98.874,52.944079,20.103443
141305,Strzegowo,7478,214.215,52.904225,20.29068
141306,Stupsk,4836,117.988,53.012997,20.42415
141307,Szreńsk,4115,109.372,53.005087,20.1652
141308,Szydłowo,4576,122.506,53.088767,20.470067
141309,Wieczfnia Kościelna,4048,119.71,53.18223,20.455189
141310,Wiśniewo,5225,99.289,53.056087,20.32152
142001,Płońsk,22107,11.606,52.631523,20.371495
142002,Raciąż,4394,8.396,52.781916,20.122578
142003,Baboszewo,7955,162.225,52.686522,20.258861
142004,Czerwińsk nad Wisłą,7640,144.132,52.422247,20.363942
142005,Dzierzążnia,3632,102.487,52.605369,20.223656
142006,Joniec,2655,73.156,52.600604,20.571594
142007,Naruszewo,6312,159.483,52.515877,20.300013
142008,Nowe Miasto,4655,117.87,52.659449,20.633095
142009,Płońsk,7943,126.925,52.623321,20.39058
142010,Raciąż,8283,242.908,52.790561,20.095025
142011,Sochocin,5809,122.181,52.685458,20.474756
142012,Załuski,5669,108.479,52.501567,20.523602
142401,Gzy,3754,104.466,52.735338,20.91815
142402,Obryte,4805,139.739,52.720103,21.255148
142403,Pokrzywnica,5029,120.526,52.588221,21.064671
142404,Pułtusk,24683,134.097,52.704853,21.079875
142405,Świercze,4613,93.361,52.670695,20.77392
142406,Winnica,4091,115.066,52.643309,20.952332
142407,Zatory,4849,119.955,52.640588,21.206051
143701,Bieżuń,4973,121.461,52.960849,19.905513
143702,Kuczbork-Osada,4714,121.583,53.079106,20.025446
143703,Lubowidz,6849,190.789,53.129512,19.844113
143704,Lutocin,4236,126.455,52.988584,19.78979
143705,Siemiątkowo,3439,113.383,52.876717,20.050148
143706,Żuromin,14304,132.924,53.066421,19.906093
141101,Maków Mazowiecki,9711,10.28,52.866312,21.098184
141102,Czerwonka,2647,110.41,52.893376,21.175061
141103,Karniewo,5176,129.07,52.839564,20.994645
141104,Krasnosielc,6352,167.157,53.043137,21.160463
141105,Młynarze,1742,74.874,52.956187,21.399162
141106,Płoniawy-Bramura,5336,134.813,52.944854,21.035754
141107,Różan,4418,84.576,52.889587,21.395507
141108,Rzewnie,2638,111.781,52.831086,21.350751
141109,Sypniewo,3248,128.449,52.998125,21.277378
141110,Szelków,3624,113.211,52.841986,21.142592
141501,Baranowo,6496,197.603,53.18476,21.277967
141502,Czarnia,2513,93.857,53.341656,21.167276
141503,Czerwin,5098,170.242,52.95284,21.763433
141504,Goworowo,8275,219.118,52.895313,21.561893
141505,Kadzidło,11363,258.855,53.231563,21.455591
141506,Lelis,9707,196.382,53.151278,21.560527
141507,Łyse,8384,246.781,53.366217,21.555435
141508,Myszyniec,10437,226.81,53.380063,21.349985
141509,Olszewo-Borki,10786,196.745,53.07991,21.50461
141510,Rzekuń,10839,130.878,53.061227,21.640131
141511,Troszyn,4756,156.305,53.0355,21.756552
141601,Ostrów Mazowiecka,22399,22.279,52.804229,21.896216
141602,Andrzejewo,4063,118.739,52.83125,22.17467
141603,Boguty-Pianki,2581,89.092,52.725956,22.402417
141604,Brok,2813,109.93,52.706421,21.861881
141605,Małkinia Górna,11624,134.305,52.692128,22.049889
141606,Nur,2673,95.977,52.678327,22.333552
141607,Ostrów Mazowiecka,12884,282.944,52.814307,21.852375
141608,Stary Lubotyń,3707,109.589,52.920981,21.923122
141609,Szulborze Wielkie,1646,46.72,52.759388,22.235899
141610,Wąsewo,4293,119.412,52.868235,21.688942
141611,Zaręby Kościelne,3645,88.72,52.754217,22.131144
142201,Przasnysz,17177,25.159,53.022395,20.888895
142202,Chorzele,10175,370.754,53.260785,20.91165
142203,Czernice Borowe,3801,120.16,53.034485,20.769942
142204,Jednorożec,7081,232.233,53.149616,21.050974
142205,Krasne,3610,101.345,52.929568,20.906385
142206,Krzynowłoga Mała,3439,184.87,53.144009,20.818749
142207,Przasnysz,7228,184.151,53.00363,20.928773
143501,Brańszczyk,8252,167.23,52.650937,21.597641
143502,Długosiodło,7779,167.7,52.754811,21.569967
143503,Rząśnik,7004,167.44,52.701343,21.372223
143504,Somianka,5605,117.8,52.579269,21.291818
143505,Wyszków,39637,165.199,52.597106,21.450562
143506,Zabrodzie,5943,92.016,52.504365,21.42353
146101,Ostrołęka,52055,33.47,53.078758,21.57787
140101,Białobrzegi,10263,77.726,51.646184,20.948812
140102,Promna,5555,120.263,51.684087,20.891791
140103,Radzanów,3887,82.511,51.553226,20.81262
140104,Stara Błotnica,5298,96.039,51.556274,20.999406
140105,Stromiec,5628,156.77,51.638958,21.120194
140106,Wyśmierzyce,2779,105.419,51.611515,20.800796
140701,Garbatka-Letnisko,5001,73.82,51.494986,21.646197
140702,Głowaczów,7166,185.628,51.607359,21.330764
140703,Gniewoszów,3878,84.11,51.476832,21.811705
140704,Grabów nad Pilicą,3899,124.731,51.722944,21.220168
140705,Kozienice,29421,244.013,51.587032,21.539645
140706,Magnuszew,6742,141.152,51.77328,21.36099
140707,Sieciechów,3890,62.497,51.542632,21.77351
140901,Chotcza,2326,89.77,51.244152,21.745774
140902,Ciepielów,5530,135.132,51.238724,21.553069
140903,Lipsko,10970,135.275,51.159619,21.650186
140904,Rzeczniów,4352,103.454,51.123072,21.411001
140905,Sienno,5802,147.18,51.088896,21.48235
140906,Solec nad Wisłą,4894,129.793,51.12512,21.744521
142301,Borkowice,4261,85.772,51.312771,20.699784
142302,Gielniów,4542,79.187,51.398781,20.501315
142303,Klwów,3380,86.762,51.530708,20.658815
142304,Odrzywół,3752,99.077,51.524506,20.546804
142305,Potworów,4187,82.365,51.505414,20.740248
142306,Przysucha,11783,181.494,51.359312,20.629794
142307,Rusinów,4274,82.798,51.440455,20.586016
142308,Wieniawa,5276,103.965,51.363983,20.786039
142501,Pionki,18159,18.415,51.478702,21.448308
142502,Gózd,8978,77.966,51.379006,21.338904
142503,Iłża,14656,256.002,51.158351,21.232309
142504,Jastrzębia,6996,89.763,51.493683,21.228025
142505,Jedlińsk,14548,138.717,51.505722,21.121498
142506,Jedlnia-Letnisko,12838,65.55,51.425438,21.305993
142507,Kowala,12247,74.684,51.338015,21.096964
142508,Pionki,9979,229.743,51.473499,21.429334
142509,Przytyk,7308,134.375,51.473264,20.888697
142510,Skaryszew,14782,171.284,51.316024,21.244795
142511,Wierzbica,9672,94.097,51.24815,21.074092
142512,Wolanów,8906,82.896,51.38084,20.983985
142513,Zakrzew,13222,96.326,51.42577,21.061273
143001,Chlewiska,5911,123.758,51.250602,20.765565
143002,Jastrząb,5196,54.53,51.242879,20.958986
143003,Mirów,3898,53.054,51.193981,21.014189
143004,Orońsko,5969,81.962,51.317274,20.980517
143005,Szydłowiec,18698,138.27,51.224762,20.860382
143601,Kazanów,4504,94.916,51.27102,21.423424
143602,Policzna,5473,112.544,51.442333,21.649328
143603,Przyłęk,6154,131.621,51.335148,21.748527
143604,Tczów,4910,72.151,51.332272,21.450466
143605,Zwoleń,15125,161.786,51.356659,21.578594
146301,Radom,211371,111.791,51.397602,21.156111
140401,Gostynin,18527,32.382,52.426684,19.463096
140402,Gostynin,12005,270.376,52.440198,19.428221
140403,Pacyna,3527,90.314,52.29639,19.712812
140404,Sanniki,5997,94.61,52.337192,19.860359
140405,Szczawin Kościelny,4843,127.212,52.368667,19.615269
141901,Bielsk,9071,125.173,52.670514,19.800659
141902,Bodzanów,8187,136.323,52.494145,20.000324
141903,Brudzeń Duży,8267,159.844,52.650591,19.520068
141904,Bulkowo,5512,116.938,52.554966,20.046113
141905,Drobin,7891,143.494,52.734915,19.981274
141906,Gąbin,11025,146.204,52.407652,19.736207
141907,Łąck,5408,93.986,52.463212,19.618699
141908,Mała Wieś,5968,108.776,52.457395,20.104672
141909,Nowy Duninów,3977,146.223,52.570054,19.506495
141910,Radzanowo,8500,104.458,52.574229,19.832282
141911,Słubice,4429,95.87,52.380306,19.923757
141912,Słupno,7958,74.918,52.521512,19.813473
141913,Stara Biała,11968,111.11,52.606909,19.646144
141914,Staroźreby,7216,137.651,52.639066,20.016995
141915,Wyszogród,5575,95.657,52.389761,20.19371
142701,Sierpc,17933,18.603,52.853698,19.663828
142702,Gozdowo,5943,126.334,52.726029,19.689085
142703,Mochowo,6009,143.697,52.763291,19.554226
142704,Rościszewo,4139,114.804,52.910849,19.771604
142705,Sierpc,7042,150.045,52.832736,19.676268
142706,Szczutowo,4310,112.66,52.925217,19.554257
142707,Zawidz,6578,185.858,52.828102,19.876329
146201,Płock,119425,88.054,52.549052,19.703244
140301,Garwolin,17602,22.074,51.898935,21.610152
140302,Łaskarzew,4829,15.349,51.791992,21.589606
140303,Borowie,5283,80.235,51.948645,21.765172
140304,Garwolin,13273,135.75,51.902195,21.579198
140305,Górzno,6541,91.2,51.856199,21.699933
140306,Łaskarzew,5475,87.618,51.802169,21.609298
140307,Maciejowice,6909,173.552,51.697777,21.547164
140308,Miastków Kościelny,4869,85.269,51.89129,21.815667
140309,Parysów,4128,64.182,51.97598,21.673091
140310,Pilawa,10975,77.107,51.960106,21.539951
140311,Sobolew,8239,94.834,51.74533,21.680401
140312,Trojanów,7299,151.359,51.685931,21.769865
140313,Wilga,5278,118.877,51.855524,21.378636
140314,Żelechów,8281,87.47,51.808229,21.895606
141001,Huszlew,2813,117.737,52.120105,22.826093
141002,Łosice,10787,121.281,52.212791,22.720174
141003,Olszanka,2943,87.626,52.156469,22.640327
141004,Platerów,4849,129.497,52.294847,22.805991
141005,Sarnaki,4645,197.513,52.308596,22.916312
141006,Stara Kornica,4737,118.837,52.188973,22.933348
142601,Domanice,2610,46.981,52.042173,22.153561
142602,Korczew,2599,104.962,52.351511,22.607067
142603,Kotuń,8501,150.477,52.175664,22.057923
142604,Mokobody,4939,119.31,52.254804,22.127817
142605,Mordy,5780,170.037,52.205272,22.49541
142606,Paprotnia,2549,81.426,52.277702,22.411192
142607,Przesmyki,3169,117.238,52.279929,22.614089
142608,Siedlce,18406,141.369,52.184371,22.246992
142609,Skórzec,7872,119.028,52.09721,22.1186
142610,Suchożebry,4693,100.545,52.272935,22.305863
142611,Wiśniew,5747,125.982,52.062234,22.314772
142612,Wodynie,4391,115.392,52.0319,21.959911
142613,Zbuczyn,10106,210.758,52.091376,22.454794
142901,Sokołów Podlaski,18945,17.503,52.406572,22.241698
142902,Bielany,3609,110.065,52.336997,22.243697
142903,Ceranów,2169,111.034,52.645154,22.222916
142904,Jabłonna Lacka,4417,149.279,52.475487,22.435406
142905,Kosów Lacki,5947,200.153,52.591329,22.140819
142906,Repki,5173,168.566,52.376209,22.410692
142907,Sabnie,3636,108.008,52.49314,22.301862
142908,Sokołów Podlaski,6019,136.626,52.429919,22.196165
142909,Sterdyń,3889,129.971,52.578929,22.306106
143301,Węgrów,12583,35.532,52.397459,22.016262
143302,Grębków,4443,130.773,52.267211,21.934386
143303,Korytnica,6218,180.332,52.418593,21.83886
143304,Liw,7344,169.428,52.390018,21.994688
143305,Łochów,17899,195.471,52.534042,21.704279
143306,Miedzna,3812,116.009,52.472393,22.083278
143307,Sadowne,5828,144.737,52.634335,21.857838
143308,Stoczek,4945,144.552,52.549166,21.88321
143309,Wierzbno,2750,103.185,52.321245,21.879703
146401,Siedlce,78185,31.842,52.167586,22.270472
140601,Belsk Duży,6475,107.529,51.815805,20.805259
140602,Błędów,7415,134.077,51.785747,20.684755
140603,Chynów,9846,135.012,51.903732,21.081276
140604,Goszczyn,2971,57.487,51.735709,20.852754
140605,Grójec,25855,121.333,51.863682,20.871048
140606,Jasieniec,5376,108.231,51.812984,20.956342
140607,Mogielnica,8682,141.297,51.693621,20.727113
140608,Nowe Miasto nad Pilicą,7668,158.62,51.619571,20.568656
140609,Pniewy,4797,102.315,51.909504,20.749248
140611,Warka,19226,202.383,51.787909,21.186483
142801,Sochaczew,36282,26.192,52.231748,20.247442
142802,Brochów,4371,119.806,52.31531,20.281007
142803,Iłów,6132,129.064,52.313618,20.037729
142804,Młodzieszyn,5575,117.49,52.307259,20.203027
142805,Nowa Sucha,6686,90.164,52.176897,20.193908
142806,Rybno,3478,72.747,52.259395,20.124835
142807,Sochaczew,10976,91.367,52.220624,20.286456
142808,Teresin,11545,87.965,52.199225,20.414717
143801,Żyrardów,39828,14.353,52.059084,20.439844
143802,Mszczonów,11525,151.982,51.974777,20.52754
143803,Puszcza Mariańska,8661,143.182,51.992564,20.308989
143804,Radziejowice,5855,72.923,52.010566,20.571958
143805,Wiskitki,9880,150.118,52.074408,20.384623
